"DATE","SIDO_ADDR","ROWCNT","PCNT","MED_Y_CNT","MED_N_CNT","MED_N_RATE"
2020-09-28 00:00:00.000,서울특별시,245,245,245,0,0
2020-09-28 00:00:00.000,경기도,111,111,111,0,0
2020-09-28 00:00:00.000,인천광역시,24,24,24,0,0
2020-09-28 00:00:00.000,충청남도,15,15,15,0,0
2020-09-28 00:00:00.000,강원도,12,12,12,0,0
2020-09-28 00:00:00.000,경상북도,12,12,12,0,0
2020-09-28 00:00:00.000,충청북도,11,11,11,0,0
2020-09-28 00:00:00.000,부산광역시,10,10,10,0,0
2020-09-28 00:00:00.000,경상남도,10,10,10,0,0
2020-09-28 00:00:00.000,광주광역시,9,9,9,0,0
2020-09-28 00:00:00.000,전라북도,7,7,7,0,0
2020-09-28 00:00:00.000,전라남도,7,7,7,0,0
2020-09-28 00:00:00.000,대전광역시,6,6,6,0,0
2020-09-28 00:00:00.000,대구광역시,4,4,4,0,0
2020-09-28 00:00:00.000,제주특별자치도,4,4,4,0,0
2020-09-28 00:00:00.000,세종특별자치시,4,4,4,0,0
2020-09-28 00:00:00.000,서울,3,3,3,0,0
2020-09-28 00:00:00.000,울산광역시,3,3,3,0,0
2020-09-28 00:00:00.000,경기,1,1,1,0,0
2020-10-05 00:00:00.000,서울특별시,855,848,855,0,0
2020-10-05 00:00:00.000,경기도,373,370,373,0,0
2020-10-05 00:00:00.000,인천광역시,70,70,70,0,0
2020-10-05 00:00:00.000,경상북도,63,63,63,0,0
2020-10-05 00:00:00.000,충청남도,55,55,55,0,0
2020-10-05 00:00:00.000,강원도,45,45,45,0,0
2020-10-05 00:00:00.000,전라북도,44,44,44,0,0
2020-10-05 00:00:00.000,경상남도,42,42,42,0,0
2020-10-05 00:00:00.000,대전광역시,39,39,39,0,0
2020-10-05 00:00:00.000,전라남도,38,38,38,0,0
2020-10-05 00:00:00.000,충청북도,32,32,32,0,0
2020-10-05 00:00:00.000,부산광역시,29,29,29,0,0
2020-10-05 00:00:00.000,광주광역시,26,26,26,0,0
2020-10-05 00:00:00.000,제주특별자치도,24,24,24,0,0
2020-10-05 00:00:00.000,대구광역시,20,20,20,0,0
2020-10-05 00:00:00.000,울산광역시,13,13,13,0,0
2020-10-05 00:00:00.000,서울,11,11,11,0,0
2020-10-05 00:00:00.000,세종특별자치시,10,10,10,0,0
2020-10-05 00:00:00.000,인천,2,2,2,0,0
2020-10-05 00:00:00.000,전북,2,2,2,0,0
2020-10-05 00:00:00.000,충남,2,2,2,0,0
2020-10-05 00:00:00.000,경남,1,1,1,0,0
2020-10-05 00:00:00.000,충북,1,1,1,0,0
2020-10-05 00:00:00.000,경기,1,1,1,0,0
2020-10-05 00:00:00.000,대구광역,1,1,1,0,0
2020-10-05 00:00:00.000,,1,1,1,0,0
2020-10-12 00:00:00.000,서울특별시,793,788,793,0,0
2020-10-12 00:00:00.000,경기도,361,361,361,0,0
2020-10-12 00:00:00.000,인천광역시,56,56,56,0,0
2020-10-12 00:00:00.000,강원도,53,53,53,0,0
2020-10-12 00:00:00.000,경상남도,53,53,53,0,0
2020-10-12 00:00:00.000,경상북도,51,51,51,0,0
2020-10-12 00:00:00.000,충청남도,50,50,50,0,0
2020-10-12 00:00:00.000,충청북도,45,45,45,0,0
2020-10-12 00:00:00.000,부산광역시,41,40,41,0,0
2020-10-12 00:00:00.000,전라북도,35,35,35,0,0
2020-10-12 00:00:00.000,전라남도,35,35,35,0,0
2020-10-12 00:00:00.000,광주광역시,31,31,31,0,0
2020-10-12 00:00:00.000,대전광역시,28,28,28,0,0
2020-10-12 00:00:00.000,대구광역시,25,25,25,0,0
2020-10-12 00:00:00.000,제주특별자치도,17,17,17,0,0
2020-10-12 00:00:00.000,울산광역시,17,17,17,0,0
2020-10-12 00:00:00.000,서울,12,12,12,0,0
2020-10-12 00:00:00.000,세종특별자치시,9,9,9,0,0
2020-10-12 00:00:00.000,대전,2,2,2,0,0
2020-10-12 00:00:00.000,강원,1,1,1,0,0
2020-10-12 00:00:00.000,울산광역,1,1,1,0,0
2020-10-12 00:00:00.000,경기,1,1,1,0,0
2020-10-19 00:00:00.000,서울특별시,939,932,939,0,0
2020-10-19 00:00:00.000,경기도,422,419,422,0,0
2020-10-19 00:00:00.000,인천광역시,74,74,74,0,0
2020-10-19 00:00:00.000,충청북도,60,60,60,0,0
2020-10-19 00:00:00.000,경상북도,60,60,60,0,0
2020-10-19 00:00:00.000,충청남도,54,54,54,0,0
2020-10-19 00:00:00.000,경상남도,50,50,50,0,0
2020-10-19 00:00:00.000,강원도,50,50,50,0,0
2020-10-19 00:00:00.000,부산광역시,48,48,48,0,0
2020-10-19 00:00:00.000,전라북도,46,46,46,0,0
2020-10-19 00:00:00.000,전라남도,40,39,40,0,0
2020-10-19 00:00:00.000,대구광역시,30,30,30,0,0
2020-10-19 00:00:00.000,대전광역시,26,25,26,0,0
2020-10-19 00:00:00.000,제주특별자치도,26,25,26,0,0
2020-10-19 00:00:00.000,광주광역시,23,23,23,0,0
2020-10-19 00:00:00.000,울산광역시,21,21,21,0,0
2020-10-19 00:00:00.000,서울,10,10,10,0,0
2020-10-19 00:00:00.000,세종특별자치시,9,9,9,0,0
2020-10-19 00:00:00.000,경기,4,4,4,0,0
2020-10-19 00:00:00.000,인천,2,2,2,0,0
2020-10-19 00:00:00.000,광주,1,1,1,0,0
2020-10-19 00:00:00.000,대구,1,1,1,0,0
2020-10-19 00:00:00.000,부산,1,1,1,0,0
2020-10-19 00:00:00.000,경남,1,1,1,0,0
2020-10-19 00:00:00.000,인천광역,1,1,1,0,0
2020-10-26 00:00:00.000,서울특별시,875,871,875,0,0
2020-10-26 00:00:00.000,경기도,375,373,375,0,0
2020-10-26 00:00:00.000,인천광역시,90,89,90,0,0
2020-10-26 00:00:00.000,경상북도,57,56,57,0,0
2020-10-26 00:00:00.000,강원도,53,53,53,0,0
2020-10-26 00:00:00.000,충청남도,51,51,51,0,0
2020-10-26 00:00:00.000,전라남도,45,45,45,0,0
2020-10-26 00:00:00.000,경상남도,44,44,44,0,0
2020-10-26 00:00:00.000,부산광역시,40,40,40,0,0
2020-10-26 00:00:00.000,대전광역시,40,39,40,0,0
2020-10-26 00:00:00.000,전라북도,39,39,39,0,0
2020-10-26 00:00:00.000,충청북도,32,32,32,0,0
2020-10-26 00:00:00.000,대구광역시,31,31,31,0,0
2020-10-26 00:00:00.000,광주광역시,25,24,25,0,0
2020-10-26 00:00:00.000,제주특별자치도,20,20,20,0,0
2020-10-26 00:00:00.000,울산광역시,16,16,16,0,0
2020-10-26 00:00:00.000,세종특별자치시,9,9,9,0,0
2020-10-26 00:00:00.000,서울,7,7,7,0,0
2020-10-26 00:00:00.000,경기,3,3,3,0,0
2020-10-26 00:00:00.000,인천,2,2,2,0,0
2020-10-26 00:00:00.000,대구광역,1,1,1,0,0
2020-10-26 00:00:00.000,광주,1,1,1,0,0
2020-10-26 00:00:00.000,전남,1,1,1,0,0
2020-11-02 00:00:00.000,서울특별시,770,765,770,0,0
2020-11-02 00:00:00.000,경기도,374,371,374,0,0
2020-11-02 00:00:00.000,인천광역시,68,68,68,0,0
2020-11-02 00:00:00.000,충청남도,50,50,50,0,0
2020-11-02 00:00:00.000,경상북도,50,49,50,0,0
2020-11-02 00:00:00.000,경상남도,49,49,49,0,0
2020-11-02 00:00:00.000,강원도,49,48,49,0,0
2020-11-02 00:00:00.000,부산광역시,42,42,42,0,0
2020-11-02 00:00:00.000,전라남도,41,41,41,0,0
2020-11-02 00:00:00.000,전라북도,36,35,36,0,0
2020-11-02 00:00:00.000,충청북도,34,33,34,0,0
2020-11-02 00:00:00.000,대전광역시,32,31,32,0,0
2020-11-02 00:00:00.000,광주광역시,29,29,29,0,0
2020-11-02 00:00:00.000,대구광역시,25,25,25,0,0
2020-11-02 00:00:00.000,제주특별자치도,21,20,21,0,0
2020-11-02 00:00:00.000,세종특별자치시,14,14,14,0,0
2020-11-02 00:00:00.000,서울,12,12,12,0,0
2020-11-02 00:00:00.000,울산광역시,9,9,9,0,0
2020-11-02 00:00:00.000,경기,2,2,2,0,0
2020-11-02 00:00:00.000,대전광역,1,1,1,0,0
2020-11-02 00:00:00.000,대구,1,1,1,0,0
2020-11-09 00:00:00.000,서울특별시,923,916,923,0,0
2020-11-09 00:00:00.000,경기도,418,416,418,0,0
2020-11-09 00:00:00.000,인천광역시,96,96,96,0,0
2020-11-09 00:00:00.000,경상북도,65,65,65,0,0
2020-11-09 00:00:00.000,충청남도,63,63,63,0,0
2020-11-09 00:00:00.000,강원도,46,46,46,0,0
2020-11-09 00:00:00.000,경상남도,46,45,46,0,0
2020-11-09 00:00:00.000,충청북도,42,42,42,0,0
2020-11-09 00:00:00.000,전라북도,41,41,41,0,0
2020-11-09 00:00:00.000,부산광역시,39,39,39,0,0
2020-11-09 00:00:00.000,대구광역시,33,33,33,0,0
2020-11-09 00:00:00.000,전라남도,32,32,32,0,0
2020-11-09 00:00:00.000,광주광역시,29,29,29,0,0
2020-11-09 00:00:00.000,제주특별자치도,19,19,19,0,0
2020-11-09 00:00:00.000,대전광역시,18,18,18,0,0
2020-11-09 00:00:00.000,울산광역시,17,17,17,0,0
2020-11-09 00:00:00.000,서울,12,12,12,0,0
2020-11-09 00:00:00.000,세종특별자치시,8,8,8,0,0
2020-11-09 00:00:00.000,경기,4,4,4,0,0
2020-11-09 00:00:00.000,충남,1,1,1,0,0
2020-11-09 00:00:00.000,부산,1,1,1,0,0
2020-11-09 00:00:00.000,부산광역,1,1,1,0,0
2020-11-16 00:00:00.000,서울특별시,880,878,880,0,0
2020-11-16 00:00:00.000,경기도,450,447,450,0,0
2020-11-16 00:00:00.000,인천광역시,71,70,71,0,0
2020-11-16 00:00:00.000,강원도,56,56,56,0,0
2020-11-16 00:00:00.000,경상남도,51,51,51,0,0
2020-11-16 00:00:00.000,충청북도,48,47,48,0,0
2020-11-16 00:00:00.000,경상북도,46,46,46,0,0
2020-11-16 00:00:00.000,전라북도,45,45,45,0,0
2020-11-16 00:00:00.000,부산광역시,41,41,41,0,0
2020-11-16 00:00:00.000,충청남도,40,40,40,0,0
2020-11-16 00:00:00.000,대전광역시,39,38,39,0,0
2020-11-16 00:00:00.000,전라남도,37,37,37,0,0
2020-11-16 00:00:00.000,제주특별자치도,29,29,29,0,0
2020-11-16 00:00:00.000,광주광역시,26,26,26,0,0
2020-11-16 00:00:00.000,대구광역시,19,19,19,0,0
2020-11-16 00:00:00.000,서울,12,12,12,0,0
2020-11-16 00:00:00.000,세종특별자치시,10,10,10,0,0
2020-11-16 00:00:00.000,울산광역시,6,6,6,0,0
2020-11-16 00:00:00.000,경기,3,3,3,0,0
2020-11-16 00:00:00.000,전남,2,2,2,0,0
2020-11-16 00:00:00.000,대전,1,1,1,0,0
2020-11-16 00:00:00.000,서울강북구,1,1,1,0,0
2020-11-16 00:00:00.000,충남,1,1,1,0,0
2020-11-16 00:00:00.000,충북,1,1,1,0,0
2020-11-16 00:00:00.000,★★★★★★★★,1,1,1,0,0
2020-11-16 00:00:00.000,광주,1,1,1,0,0
2020-11-23 00:00:00.000,서울특별시,949,944,949,0,0
2020-11-23 00:00:00.000,경기도,416,416,416,0,0
2020-11-23 00:00:00.000,인천광역시,84,84,84,0,0
2020-11-23 00:00:00.000,경상북도,56,56,56,0,0
2020-11-23 00:00:00.000,강원도,55,55,55,0,0
2020-11-23 00:00:00.000,부산광역시,55,54,55,0,0
2020-11-23 00:00:00.000,경상남도,49,49,49,0,0
2020-11-23 00:00:00.000,충청남도,42,42,42,0,0
2020-11-23 00:00:00.000,충청북도,36,36,36,0,0
2020-11-23 00:00:00.000,전라북도,35,35,35,0,0
2020-11-23 00:00:00.000,전라남도,34,34,34,0,0
2020-11-23 00:00:00.000,대전광역시,32,32,32,0,0
2020-11-23 00:00:00.000,대구광역시,29,29,29,0,0
2020-11-23 00:00:00.000,광주광역시,20,20,20,0,0
2020-11-23 00:00:00.000,울산광역시,13,13,13,0,0
2020-11-23 00:00:00.000,제주특별자치도,13,13,13,0,0
2020-11-23 00:00:00.000,세종특별자치시,7,7,7,0,0
2020-11-23 00:00:00.000,서울,6,6,6,0,0
2020-11-23 00:00:00.000,경기,2,2,2,0,0
2020-11-23 00:00:00.000,광주,2,2,2,0,0
2020-11-23 00:00:00.000,인천광역,1,1,1,0,0
2020-11-23 00:00:00.000,충남,1,1,1,0,0
2020-11-23 00:00:00.000,인천,1,1,1,0,0
2020-11-23 00:00:00.000,부산광역,1,1,1,0,0
2020-11-30 00:00:00.000,서울특별시,909,906,909,0,0
2020-11-30 00:00:00.000,경기도,407,407,407,0,0
2020-11-30 00:00:00.000,인천광역시,87,87,87,0,0
2020-11-30 00:00:00.000,경상북도,71,71,71,0,0
2020-11-30 00:00:00.000,충청남도,56,56,56,0,0
2020-11-30 00:00:00.000,강원도,54,54,54,0,0
2020-11-30 00:00:00.000,전라북도,45,45,45,0,0
2020-11-30 00:00:00.000,부산광역시,45,45,45,0,0
2020-11-30 00:00:00.000,경상남도,45,44,45,0,0
2020-11-30 00:00:00.000,전라남도,37,37,37,0,0
2020-11-30 00:00:00.000,충청북도,36,35,36,0,0
2020-11-30 00:00:00.000,대전광역시,31,31,31,0,0
2020-11-30 00:00:00.000,광주광역시,30,30,30,0,0
2020-11-30 00:00:00.000,제주특별자치도,29,29,29,0,0
2020-11-30 00:00:00.000,대구광역시,23,23,23,0,0
2020-11-30 00:00:00.000,서울,17,17,17,0,0
2020-11-30 00:00:00.000,세종특별자치시,14,14,14,0,0
2020-11-30 00:00:00.000,울산광역시,12,12,12,0,0
2020-11-30 00:00:00.000,경기,9,9,9,0,0
2020-11-30 00:00:00.000,강원,1,1,1,0,0
2020-11-30 00:00:00.000,부산,1,1,1,0,0
2020-11-30 00:00:00.000,대구,1,1,1,0,0
2020-11-30 00:00:00.000,★★★★★★★★,1,1,1,0,0
2020-11-30 00:00:00.000,충남,1,1,1,0,0
2020-11-30 00:00:00.000,인천광역,1,1,1,0,0
2020-11-30 00:00:00.000,제주도,1,1,1,0,0
2020-12-07 00:00:00.000,서울특별시,892,892,892,0,0
2020-12-07 00:00:00.000,경기도,417,415,417,0,0
2020-12-07 00:00:00.000,인천광역시,79,78,79,0,0
2020-12-07 00:00:00.000,경상북도,66,65,66,0,0
2020-12-07 00:00:00.000,강원도,55,54,55,0,0
2020-12-07 00:00:00.000,충청남도,54,54,54,0,0
2020-12-07 00:00:00.000,전라남도,43,43,43,0,0
2020-12-07 00:00:00.000,경상남도,42,41,42,0,0
2020-12-07 00:00:00.000,충청북도,41,41,41,0,0
2020-12-07 00:00:00.000,부산광역시,37,37,37,0,0
2020-12-07 00:00:00.000,대전광역시,36,36,36,0,0
2020-12-07 00:00:00.000,전라북도,29,29,29,0,0
2020-12-07 00:00:00.000,대구광역시,23,23,23,0,0
2020-12-07 00:00:00.000,광주광역시,21,21,21,0,0
2020-12-07 00:00:00.000,제주특별자치도,19,18,19,0,0
2020-12-07 00:00:00.000,울산광역시,15,15,15,0,0
2020-12-07 00:00:00.000,세종특별자치시,14,14,14,0,0
2020-12-07 00:00:00.000,경기,9,9,9,0,0
2020-12-07 00:00:00.000,서울,9,8,9,0,0
2020-12-07 00:00:00.000,인천광역,2,2,2,0,0
2020-12-07 00:00:00.000,전북,2,2,2,0,0
2020-12-07 00:00:00.000,부산광역,1,1,1,0,0
2020-12-07 00:00:00.000,★★★★★★★★,1,1,1,0,0
2020-12-07 00:00:00.000,광주,1,1,1,0,0
2020-12-07 00:00:00.000,부산,1,1,1,0,0
2020-12-14 00:00:00.000,서울특별시,855,851,855,0,0
2020-12-14 00:00:00.000,경기도,395,393,395,0,0
2020-12-14 00:00:00.000,인천광역시,59,59,59,0,0
2020-12-14 00:00:00.000,경상북도,58,58,58,0,0
2020-12-14 00:00:00.000,강원도,55,55,55,0,0
2020-12-14 00:00:00.000,충청남도,50,50,50,0,0
2020-12-14 00:00:00.000,부산광역시,45,45,45,0,0
2020-12-14 00:00:00.000,충청북도,44,44,44,0,0
2020-12-14 00:00:00.000,대전광역시,41,41,41,0,0
2020-12-14 00:00:00.000,전라북도,41,41,41,0,0
2020-12-14 00:00:00.000,경상남도,39,39,39,0,0
2020-12-14 00:00:00.000,전라남도,39,39,39,0,0
2020-12-14 00:00:00.000,대구광역시,30,30,30,0,0
2020-12-14 00:00:00.000,광주광역시,25,25,25,0,0
2020-12-14 00:00:00.000,제주특별자치도,22,22,22,0,0
2020-12-14 00:00:00.000,울산광역시,18,18,18,0,0
2020-12-14 00:00:00.000,세종특별자치시,10,10,10,0,0
2020-12-14 00:00:00.000,서울,9,9,9,0,0
2020-12-14 00:00:00.000,경기,4,4,4,0,0
2020-12-14 00:00:00.000,인천,4,4,4,0,0
2020-12-14 00:00:00.000,강원,2,2,2,0,0
2020-12-14 00:00:00.000,★★★★★★★★,2,2,2,0,0
2020-12-14 00:00:00.000,대전,1,1,1,0,0
2020-12-14 00:00:00.000,울산,1,1,1,0,0
2020-12-14 00:00:00.000,전남,1,1,1,0,0
2020-12-14 00:00:00.000,인천광역,1,1,1,0,0
2020-12-14 00:00:00.000,제주도,1,1,1,0,0
2020-12-14 00:00:00.000,전북,1,1,1,0,0
2020-12-14 00:00:00.000,광주,1,1,1,0,0
2020-12-21 00:00:00.000,서울특별시,735,730,735,0,0
2020-12-21 00:00:00.000,경기도,340,337,340,0,0
2020-12-21 00:00:00.000,인천광역시,76,75,76,0,0
2020-12-21 00:00:00.000,경상남도,49,49,49,0,0
2020-12-21 00:00:00.000,충청남도,49,48,49,0,0
2020-12-21 00:00:00.000,경상북도,45,45,45,0,0
2020-12-21 00:00:00.000,강원도,43,43,43,0,0
2020-12-21 00:00:00.000,전라남도,31,31,31,0,0
2020-12-21 00:00:00.000,전라북도,29,29,29,0,0
2020-12-21 00:00:00.000,충청북도,28,27,28,0,0
2020-12-21 00:00:00.000,대전광역시,27,27,27,0,0
2020-12-21 00:00:00.000,부산광역시,26,26,26,0,0
2020-12-21 00:00:00.000,제주특별자치도,22,22,22,0,0
2020-12-21 00:00:00.000,대구광역시,18,18,18,0,0
2020-12-21 00:00:00.000,광주광역시,16,16,16,0,0
2020-12-21 00:00:00.000,세종특별자치시,10,10,10,0,0
2020-12-21 00:00:00.000,울산광역시,10,10,10,0,0
2020-12-21 00:00:00.000,서울,6,6,6,0,0
2020-12-21 00:00:00.000,경기,4,4,4,0,0
2020-12-21 00:00:00.000,광주,2,2,2,0,0
2020-12-21 00:00:00.000,★★★★★★★★,1,1,1,0,0
2020-12-21 00:00:00.000,경북,1,1,1,0,0
2020-12-21 00:00:00.000,인천광역,1,1,1,0,0
2020-12-21 00:00:00.000,광주광역,1,1,1,0,0
2020-12-21 00:00:00.000,전남,1,1,1,0,0
2020-12-21 00:00:00.000,대전광역,1,1,1,0,0
2020-12-21 00:00:00.000,강북구,1,1,1,0,0
2020-12-21 00:00:00.000,충남,1,1,1,0,0
2020-12-28 00:00:00.000,서울특별시,761,759,761,0,0
2020-12-28 00:00:00.000,경기도,336,335,336,0,0
2020-12-28 00:00:00.000,인천광역시,73,73,73,0,0
2020-12-28 00:00:00.000,강원도,55,55,55,0,0
2020-12-28 00:00:00.000,충청남도,48,48,48,0,0
2020-12-28 00:00:00.000,경상남도,44,44,44,0,0
2020-12-28 00:00:00.000,경상북도,37,37,37,0,0
2020-12-28 00:00:00.000,충청북도,33,33,33,0,0
2020-12-28 00:00:00.000,전라남도,33,33,33,0,0
2020-12-28 00:00:00.000,전라북도,31,31,31,0,0
2020-12-28 00:00:00.000,부산광역시,30,30,30,0,0
2020-12-28 00:00:00.000,광주광역시,24,24,24,0,0
2020-12-28 00:00:00.000,대전광역시,20,20,20,0,0
2020-12-28 00:00:00.000,제주특별자치도,18,18,18,0,0
2020-12-28 00:00:00.000,서울,14,14,14,0,0
2020-12-28 00:00:00.000,대구광역시,13,13,13,0,0
2020-12-28 00:00:00.000,울산광역시,14,13,14,0,0
2020-12-28 00:00:00.000,세종특별자치시,6,6,6,0,0
2020-12-28 00:00:00.000,경기,2,2,2,0,0
2020-12-28 00:00:00.000,전남,2,2,2,0,0
2020-12-28 00:00:00.000,인천,2,2,2,0,0
2020-12-28 00:00:00.000,경남,1,1,1,0,0
2020-12-28 00:00:00.000,대구,1,1,1,0,0
2020-12-28 00:00:00.000,충북,1,1,1,0,0
2020-12-28 00:00:00.000,대구광역,1,1,1,0,0
2020-12-28 00:00:00.000,광주,1,1,1,0,0
2021-01-04 00:00:00.000,서울특별시,968,967,968,0,0
2021-01-04 00:00:00.000,경기도,410,409,410,0,0
2021-01-04 00:00:00.000,인천광역시,68,68,68,0,0
2021-01-04 00:00:00.000,충청남도,54,54,54,0,0
2021-01-04 00:00:00.000,경상북도,54,54,54,0,0
2021-01-04 00:00:00.000,강원도,53,53,53,0,0
2021-01-04 00:00:00.000,경상남도,50,50,50,0,0
2021-01-04 00:00:00.000,부산광역시,44,43,44,0,0
2021-01-04 00:00:00.000,전라북도,38,38,38,0,0
2021-01-04 00:00:00.000,전라남도,30,30,30,0,0
2021-01-04 00:00:00.000,충청북도,28,28,28,0,0
2021-01-04 00:00:00.000,대전광역시,25,25,25,0,0
2021-01-04 00:00:00.000,대구광역시,23,23,23,0,0
2021-01-04 00:00:00.000,광주광역시,22,22,22,0,0
2021-01-04 00:00:00.000,제주특별자치도,17,17,17,0,0
2021-01-04 00:00:00.000,세종특별자치시,16,16,16,0,0
2021-01-04 00:00:00.000,울산광역시,11,11,11,0,0
2021-01-04 00:00:00.000,서울,9,9,9,0,0
2021-01-04 00:00:00.000,경기,2,2,2,0,0
2021-01-04 00:00:00.000,인천광역,1,1,1,0,0
2021-01-04 00:00:00.000,인천,1,1,1,0,0
2021-01-04 00:00:00.000,강원,1,1,1,0,0
2021-01-04 00:00:00.000,충남,1,1,1,0,0
2021-01-04 00:00:00.000,부산,1,1,1,0,0
2021-01-04 00:00:00.000,대전,1,1,1,0,0
2021-01-04 00:00:00.000,대전광역,1,1,1,0,0
2021-01-11 00:00:00.000,서울특별시,947,941,947,0,0
2021-01-11 00:00:00.000,경기도,432,431,432,0,0
2021-01-11 00:00:00.000,인천광역시,79,79,79,0,0
2021-01-11 00:00:00.000,강원도,60,60,60,0,0
2021-01-11 00:00:00.000,충청남도,58,58,58,0,0
2021-01-11 00:00:00.000,경상북도,52,51,52,0,0
2021-01-11 00:00:00.000,경상남도,51,51,51,0,0
2021-01-11 00:00:00.000,충청북도,46,46,46,0,0
2021-01-11 00:00:00.000,부산광역시,45,45,45,0,0
2021-01-11 00:00:00.000,전라남도,38,38,38,0,0
2021-01-11 00:00:00.000,대구광역시,34,34,34,0,0
2021-01-11 00:00:00.000,전라북도,30,30,30,0,0
2021-01-11 00:00:00.000,대전광역시,28,28,28,0,0
2021-01-11 00:00:00.000,제주특별자치도,19,19,19,0,0
2021-01-11 00:00:00.000,서울,19,19,19,0,0
2021-01-11 00:00:00.000,광주광역시,15,15,15,0,0
2021-01-11 00:00:00.000,울산광역시,14,14,14,0,0
2021-01-11 00:00:00.000,세종특별자치시,12,12,12,0,0
2021-01-11 00:00:00.000,경기,9,9,9,0,0
2021-01-11 00:00:00.000,인천광역,3,3,3,0,0
2021-01-11 00:00:00.000,충남,2,2,2,0,0
2021-01-11 00:00:00.000,대전광역,2,2,2,0,0
2021-01-11 00:00:00.000,경남,1,1,1,0,0
2021-01-11 00:00:00.000,전남,1,1,1,0,0
2021-01-11 00:00:00.000,충북,1,1,1,0,0
2021-01-11 00:00:00.000,광주,1,1,1,0,0
2021-01-11 00:00:00.000,인천,1,1,1,0,0
2021-01-18 00:00:00.000,서울특별시,935,932,935,0,0
2021-01-18 00:00:00.000,경기도,387,386,387,0,0
2021-01-18 00:00:00.000,인천광역시,78,78,78,0,0
2021-01-18 00:00:00.000,강원도,63,62,63,0,0
2021-01-18 00:00:00.000,경상북도,59,59,59,0,0
2021-01-18 00:00:00.000,경상남도,54,54,54,0,0
2021-01-18 00:00:00.000,충청남도,53,53,53,0,0
2021-01-18 00:00:00.000,충청북도,48,48,48,0,0
2021-01-18 00:00:00.000,부산광역시,41,41,41,0,0
2021-01-18 00:00:00.000,전라북도,40,40,40,0,0
2021-01-18 00:00:00.000,대전광역시,38,38,38,0,0
2021-01-18 00:00:00.000,전라남도,30,30,30,0,0
2021-01-18 00:00:00.000,대구광역시,29,29,29,0,0
2021-01-18 00:00:00.000,제주특별자치도,25,25,25,0,0
2021-01-18 00:00:00.000,광주광역시,25,25,25,0,0
2021-01-18 00:00:00.000,서울,16,16,16,0,0
2021-01-18 00:00:00.000,울산광역시,15,15,15,0,0
2021-01-18 00:00:00.000,세종특별자치시,12,12,12,0,0
2021-01-18 00:00:00.000,경기,10,10,10,0,0
2021-01-18 00:00:00.000,경남,2,2,2,0,0
2021-01-18 00:00:00.000,인천광역,2,2,2,0,0
2021-01-18 00:00:00.000,대전광역,1,1,1,0,0
2021-01-18 00:00:00.000,제주,1,1,1,0,0
2021-01-18 00:00:00.000,광주,1,1,1,0,0
2021-01-18 00:00:00.000,울산광역,1,1,1,0,0
2021-01-18 00:00:00.000,인천,1,1,1,0,0
2021-01-18 00:00:00.000,전남,1,1,1,0,0
2021-01-18 00:00:00.000,전북,1,1,1,0,0
2021-01-25 00:00:00.000,서울특별시,868,868,868,0,0
2021-01-25 00:00:00.000,경기도,435,435,435,0,0
2021-01-25 00:00:00.000,인천광역시,85,82,85,0,0
2021-01-25 00:00:00.000,경상남도,61,61,61,0,0
2021-01-25 00:00:00.000,경상북도,59,59,59,0,0
2021-01-25 00:00:00.000,충청남도,55,55,55,0,0
2021-01-25 00:00:00.000,강원도,51,51,51,0,0
2021-01-25 00:00:00.000,전라남도,49,49,49,0,0
2021-01-25 00:00:00.000,부산광역시,43,43,43,0,0
2021-01-25 00:00:00.000,전라북도,37,37,37,0,0
2021-01-25 00:00:00.000,대구광역시,32,32,32,0,0
2021-01-25 00:00:00.000,대전광역시,31,31,31,0,0
2021-01-25 00:00:00.000,충청북도,29,29,29,0,0
2021-01-25 00:00:00.000,제주특별자치도,26,25,26,0,0
2021-01-25 00:00:00.000,광주광역시,20,20,20,0,0
2021-01-25 00:00:00.000,세종특별자치시,17,17,17,0,0
2021-01-25 00:00:00.000,울산광역시,15,15,15,0,0
2021-01-25 00:00:00.000,경기,7,7,7,0,0
2021-01-25 00:00:00.000,서울,6,6,6,0,0
2021-01-25 00:00:00.000,인천,2,2,2,0,0
2021-01-25 00:00:00.000,인천광역,1,1,1,0,0
2021-01-25 00:00:00.000,경북,1,1,1,0,0
2021-01-25 00:00:00.000,울,1,1,1,0,0
2021-02-01 00:00:00.000,서울특별시,899,897,899,0,0
2021-02-01 00:00:00.000,경기도,440,439,440,0,0
2021-02-01 00:00:00.000,인천광역시,88,88,88,0,0
2021-02-01 00:00:00.000,충청남도,58,58,58,0,0
2021-02-01 00:00:00.000,경상북도,54,54,54,0,0
2021-02-01 00:00:00.000,강원도,50,50,50,0,0
2021-02-01 00:00:00.000,경상남도,49,49,49,0,0
2021-02-01 00:00:00.000,충청북도,45,45,45,0,0
2021-02-01 00:00:00.000,대구광역시,39,39,39,0,0
2021-02-01 00:00:00.000,전라남도,38,38,38,0,0
2021-02-01 00:00:00.000,대전광역시,35,35,35,0,0
2021-02-01 00:00:00.000,전라북도,34,34,34,0,0
2021-02-01 00:00:00.000,부산광역시,28,28,28,0,0
2021-02-01 00:00:00.000,광주광역시,22,22,22,0,0
2021-02-01 00:00:00.000,제주특별자치도,20,20,20,0,0
2021-02-01 00:00:00.000,서울,10,10,10,0,0
2021-02-01 00:00:00.000,울산광역시,9,9,9,0,0
2021-02-01 00:00:00.000,세종특별자치시,6,6,6,0,0
2021-02-01 00:00:00.000,인천광역,4,4,4,0,0
2021-02-01 00:00:00.000,경기,4,4,4,0,0
2021-02-01 00:00:00.000,경북,2,2,2,0,0
2021-02-01 00:00:00.000,인천,1,1,1,0,0
2021-02-01 00:00:00.000,전남,1,1,1,0,0
2021-02-01 00:00:00.000,전북,1,1,1,0,0
2021-02-01 00:00:00.000,광주,1,1,1,0,0
2021-02-08 00:00:00.000,서울특별시,700,699,700,0,0
2021-02-08 00:00:00.000,경기도,295,294,295,0,0
2021-02-08 00:00:00.000,인천광역시,73,72,73,0,0
2021-02-08 00:00:00.000,경상북도,42,41,42,0,0
2021-02-08 00:00:00.000,충청남도,36,36,36,0,0
2021-02-08 00:00:00.000,충청북도,36,36,36,0,0
2021-02-08 00:00:00.000,경상남도,34,34,34,0,0
2021-02-08 00:00:00.000,전라북도,32,32,32,0,0
2021-02-08 00:00:00.000,강원도,28,28,28,0,0
2021-02-08 00:00:00.000,전라남도,27,27,27,0,0
2021-02-08 00:00:00.000,부산광역시,22,22,22,0,0
2021-02-08 00:00:00.000,대전광역시,19,19,19,0,0
2021-02-08 00:00:00.000,제주특별자치도,18,18,18,0,0
2021-02-08 00:00:00.000,대구광역시,17,17,17,0,0
2021-02-08 00:00:00.000,울산광역시,13,13,13,0,0
2021-02-08 00:00:00.000,광주광역시,10,10,10,0,0
2021-02-08 00:00:00.000,서울,8,8,8,0,0
2021-02-08 00:00:00.000,세종특별자치시,9,8,9,0,0
2021-02-08 00:00:00.000,경기,4,4,4,0,0
2021-02-08 00:00:00.000,인천광역,2,2,2,0,0
2021-02-08 00:00:00.000,충북,1,1,1,0,0
2021-02-08 00:00:00.000,부산광역,1,1,1,0,0
2021-02-08 00:00:00.000,경북,1,1,1,0,0
2021-02-15 00:00:00.000,서울특별시,891,886,891,0,0
2021-02-15 00:00:00.000,경기도,441,441,441,0,0
2021-02-15 00:00:00.000,경상북도,69,69,69,0,0
2021-02-15 00:00:00.000,인천광역시,65,65,65,0,0
2021-02-15 00:00:00.000,경상남도,62,62,62,0,0
2021-02-15 00:00:00.000,부산광역시,57,57,57,0,0
2021-02-15 00:00:00.000,충청남도,53,53,53,0,0
2021-02-15 00:00:00.000,강원도,48,48,48,0,0
2021-02-15 00:00:00.000,전라남도,40,40,40,0,0
2021-02-15 00:00:00.000,충청북도,39,39,39,0,0
2021-02-15 00:00:00.000,전라북도,38,38,38,0,0
2021-02-15 00:00:00.000,제주특별자치도,35,34,35,0,0
2021-02-15 00:00:00.000,대전광역시,28,28,28,0,0
2021-02-15 00:00:00.000,대구광역시,28,28,28,0,0
2021-02-15 00:00:00.000,광주광역시,26,26,26,0,0
2021-02-15 00:00:00.000,울산광역시,19,19,19,0,0
2021-02-15 00:00:00.000,세종특별자치시,14,14,14,0,0
2021-02-15 00:00:00.000,서울,13,13,13,0,0
2021-02-15 00:00:00.000,경기,6,6,6,0,0
2021-02-15 00:00:00.000,경남,3,3,3,0,0
2021-02-15 00:00:00.000,경북,1,1,1,0,0
2021-02-15 00:00:00.000,★★★★★★★★,1,1,1,0,0
2021-02-15 00:00:00.000,충남,1,1,1,0,0
2021-02-15 00:00:00.000,전북,1,1,1,0,0
2021-02-15 00:00:00.000,서울강북구,1,1,1,0,0
2021-02-15 00:00:00.000,대전,1,1,1,0,0
2021-02-22 00:00:00.000,서울특별시,792,792,792,0,0
2021-02-22 00:00:00.000,경기도,389,389,389,0,0
2021-02-22 00:00:00.000,인천광역시,75,74,75,0,0
2021-02-22 00:00:00.000,경상북도,61,61,61,0,0
2021-02-22 00:00:00.000,경상남도,51,51,51,0,0
2021-02-22 00:00:00.000,충청남도,41,41,41,0,0
2021-02-22 00:00:00.000,부산광역시,38,38,38,0,0
2021-02-22 00:00:00.000,충청북도,36,36,36,0,0
2021-02-22 00:00:00.000,전라남도,34,34,34,0,0
2021-02-22 00:00:00.000,강원도,34,34,34,0,0
2021-02-22 00:00:00.000,대전광역시,29,29,29,0,0
2021-02-22 00:00:00.000,전라북도,29,29,29,0,0
2021-02-22 00:00:00.000,대구광역시,26,26,26,0,0
2021-02-22 00:00:00.000,광주광역시,22,22,22,0,0
2021-02-22 00:00:00.000,제주특별자치도,13,13,13,0,0
2021-02-22 00:00:00.000,울산광역시,12,12,12,0,0
2021-02-22 00:00:00.000,세종특별자치시,9,9,9,0,0
2021-02-22 00:00:00.000,서울,9,9,9,0,0
2021-02-22 00:00:00.000,경기,2,2,2,0,0
2021-02-22 00:00:00.000,전북,1,1,1,0,0
2021-02-22 00:00:00.000,기,1,1,1,0,0
2021-02-22 00:00:00.000,광주광역,1,1,1,0,0
2021-02-22 00:00:00.000,충북,1,1,1,0,0
2021-03-01 00:00:00.000,서울특별시,902,901,902,0,0
2021-03-01 00:00:00.000,경기도,415,412,415,0,0
2021-03-01 00:00:00.000,인천광역시,70,70,70,0,0
2021-03-01 00:00:00.000,경상북도,64,64,64,0,0
2021-03-01 00:00:00.000,충청남도,55,55,55,0,0
2021-03-01 00:00:00.000,경상남도,52,52,52,0,0
2021-03-01 00:00:00.000,강원도,48,47,48,0,0
2021-03-01 00:00:00.000,전라남도,40,39,40,0,0
2021-03-01 00:00:00.000,충청북도,38,38,38,0,0
2021-03-01 00:00:00.000,대전광역시,35,35,35,0,0
2021-03-01 00:00:00.000,전라북도,34,34,34,0,0
2021-03-01 00:00:00.000,제주특별자치도,33,33,33,0,0
2021-03-01 00:00:00.000,부산광역시,28,28,28,0,0
2021-03-01 00:00:00.000,대구광역시,25,25,25,0,0
2021-03-01 00:00:00.000,울산광역시,18,18,18,0,0
2021-03-01 00:00:00.000,광주광역시,18,18,18,0,0
2021-03-01 00:00:00.000,서울,14,14,14,0,0
2021-03-01 00:00:00.000,세종특별자치시,10,10,10,0,0
2021-03-01 00:00:00.000,경기,7,7,7,0,0
2021-03-01 00:00:00.000,경북,3,3,3,0,0
2021-03-01 00:00:00.000,부산,1,1,1,0,0
2021-03-01 00:00:00.000,충남,1,1,1,0,0
2021-03-01 00:00:00.000,제주,1,1,1,0,0
2021-03-01 00:00:00.000,전북,1,1,1,0,0
2021-03-01 00:00:00.000,광주,1,1,1,0,0
2021-03-08 00:00:00.000,서울특별시,867,863,867,0,0
2021-03-08 00:00:00.000,경기도,399,398,399,0,0
2021-03-08 00:00:00.000,인천광역시,65,65,65,0,0
2021-03-08 00:00:00.000,경상남도,53,53,53,0,0
2021-03-08 00:00:00.000,경상북도,50,50,50,0,0
2021-03-08 00:00:00.000,충청남도,47,46,47,0,0
2021-03-08 00:00:00.000,부산광역시,44,43,44,0,0
2021-03-08 00:00:00.000,충청북도,42,42,42,0,0
2021-03-08 00:00:00.000,강원도,41,40,41,0,0
2021-03-08 00:00:00.000,전라북도,33,33,33,0,0
2021-03-08 00:00:00.000,대전광역시,32,32,32,0,0
2021-03-08 00:00:00.000,전라남도,30,30,30,0,0
2021-03-08 00:00:00.000,광주광역시,29,29,29,0,0
2021-03-08 00:00:00.000,제주특별자치도,23,23,23,0,0
2021-03-08 00:00:00.000,울산광역시,22,22,22,0,0
2021-03-08 00:00:00.000,대구광역시,21,21,21,0,0
2021-03-08 00:00:00.000,서울,13,13,13,0,0
2021-03-08 00:00:00.000,경기,8,8,8,0,0
2021-03-08 00:00:00.000,세종특별자치시,7,7,7,0,0
2021-03-08 00:00:00.000,경북,3,3,3,0,0
2021-03-08 00:00:00.000,부산광역,1,1,1,0,0
2021-03-08 00:00:00.000,울,1,1,1,0,0
2021-03-08 00:00:00.000,충북,1,1,1,0,0
2021-03-08 00:00:00.000,인천광역,1,1,1,0,0
2021-03-08 00:00:00.000,광주,1,1,1,0,0
2021-03-15 00:00:00.000,서울특별시,803,800,803,0,0
2021-03-15 00:00:00.000,경기도,399,399,399,0,0
2021-03-15 00:00:00.000,인천광역시,81,81,81,0,0
2021-03-15 00:00:00.000,경상북도,58,58,58,0,0
2021-03-15 00:00:00.000,경상남도,57,57,57,0,0
2021-03-15 00:00:00.000,전라북도,51,51,51,0,0
2021-03-15 00:00:00.000,충청남도,51,51,51,0,0
2021-03-15 00:00:00.000,강원도,46,46,46,0,0
2021-03-15 00:00:00.000,전라남도,37,37,37,0,0
2021-03-15 00:00:00.000,충청북도,35,35,35,0,0
2021-03-15 00:00:00.000,부산광역시,35,35,35,0,0
2021-03-15 00:00:00.000,대전광역시,26,26,26,0,0
2021-03-15 00:00:00.000,제주특별자치도,26,26,26,0,0
2021-03-15 00:00:00.000,대구광역시,25,25,25,0,0
2021-03-15 00:00:00.000,울산광역시,18,18,18,0,0
2021-03-15 00:00:00.000,광주광역시,13,13,13,0,0
2021-03-15 00:00:00.000,서울,9,9,9,0,0
2021-03-15 00:00:00.000,세종특별자치시,9,9,9,0,0
2021-03-15 00:00:00.000,경기,8,8,8,0,0
2021-03-15 00:00:00.000,대전,1,1,1,0,0
2021-03-15 00:00:00.000,대구광역,1,1,1,0,0
2021-03-15 00:00:00.000,,1,1,1,0,0
2021-03-15 00:00:00.000,충남,1,1,1,0,0
2021-03-15 00:00:00.000,울,1,1,1,0,0
2021-03-15 00:00:00.000,전북,1,1,1,0,0
2021-03-22 00:00:00.000,서울특별시,919,916,919,0,0
2021-03-22 00:00:00.000,경기도,427,425,427,0,0
2021-03-22 00:00:00.000,인천광역시,84,84,84,0,0
2021-03-22 00:00:00.000,경상남도,62,62,62,0,0
2021-03-22 00:00:00.000,경상북도,61,61,61,0,0
2021-03-22 00:00:00.000,강원도,48,48,48,0,0
2021-03-22 00:00:00.000,충청남도,43,43,43,0,0
2021-03-22 00:00:00.000,충청북도,37,37,37,0,0
2021-03-22 00:00:00.000,부산광역시,37,37,37,0,0
2021-03-22 00:00:00.000,대구광역시,35,35,35,0,0
2021-03-22 00:00:00.000,전라북도,35,35,35,0,0
2021-03-22 00:00:00.000,전라남도,33,32,33,0,0
2021-03-22 00:00:00.000,대전광역시,31,31,31,0,0
2021-03-22 00:00:00.000,제주특별자치도,21,21,21,0,0
2021-03-22 00:00:00.000,광주광역시,21,21,21,0,0
2021-03-22 00:00:00.000,울산광역시,18,18,18,0,0
2021-03-22 00:00:00.000,세종특별자치시,13,13,13,0,0
2021-03-22 00:00:00.000,서울,8,8,8,0,0
2021-03-22 00:00:00.000,경기,5,5,5,0,0
2021-03-22 00:00:00.000,경북,3,3,3,0,0
2021-03-22 00:00:00.000,인천,2,2,2,0,0
2021-03-22 00:00:00.000,경남,2,2,2,0,0
2021-03-22 00:00:00.000,충남,2,2,2,0,0
2021-03-22 00:00:00.000,인천광역,1,1,1,0,0
2021-03-22 00:00:00.000,전북,1,1,1,0,0
2021-03-22 00:00:00.000,대전광역,1,1,1,0,0
2021-03-29 00:00:00.000,서울특별시,875,873,875,0,0
2021-03-29 00:00:00.000,경기도,417,414,417,0,0
2021-03-29 00:00:00.000,인천광역시,73,73,73,0,0
2021-03-29 00:00:00.000,경상북도,57,57,57,0,0
2021-03-29 00:00:00.000,충청남도,56,56,56,0,0
2021-03-29 00:00:00.000,경상남도,54,54,54,0,0
2021-03-29 00:00:00.000,충청북도,48,47,48,0,0
2021-03-29 00:00:00.000,강원도,45,44,45,0,0
2021-03-29 00:00:00.000,전라북도,40,40,40,0,0
2021-03-29 00:00:00.000,전라남도,35,35,35,0,0
2021-03-29 00:00:00.000,부산광역시,30,30,30,0,0
2021-03-29 00:00:00.000,제주특별자치도,26,26,26,0,0
2021-03-29 00:00:00.000,대구광역시,25,25,25,0,0
2021-03-29 00:00:00.000,대전광역시,20,20,20,0,0
2021-03-29 00:00:00.000,광주광역시,19,19,19,0,0
2021-03-29 00:00:00.000,울산광역시,18,18,18,0,0
2021-03-29 00:00:00.000,서울,11,11,11,0,0
2021-03-29 00:00:00.000,세종특별자치시,11,11,11,0,0
2021-03-29 00:00:00.000,경기,4,4,4,0,0
2021-03-29 00:00:00.000,경남,2,2,2,0,0
2021-03-29 00:00:00.000,경북,2,2,2,0,0
2021-03-29 00:00:00.000,대구광역,2,2,2,0,0
2021-03-29 00:00:00.000,천,1,1,1,0,0
2021-03-29 00:00:00.000,제주도,1,1,1,0,0
2021-03-29 00:00:00.000,전남,1,1,1,0,0
2021-03-29 00:00:00.000,인천광역,1,1,1,0,0
2021-03-29 00:00:00.000,인천,1,1,1,0,0
2021-03-29 00:00:00.000,충남,1,1,1,0,0
2021-03-29 00:00:00.000,광주,1,1,1,0,0
2021-04-05 00:00:00.000,서울특별시,864,859,864,0,0
2021-04-05 00:00:00.000,경기도,429,429,429,0,0
2021-04-05 00:00:00.000,경상남도,65,65,65,0,0
2021-04-05 00:00:00.000,충청남도,56,56,56,0,0
2021-04-05 00:00:00.000,강원도,56,56,56,0,0
2021-04-05 00:00:00.000,인천광역시,54,54,54,0,0
2021-04-05 00:00:00.000,경상북도,52,52,52,0,0
2021-04-05 00:00:00.000,충청북도,43,43,43,0,0
2021-04-05 00:00:00.000,대전광역시,37,37,37,0,0
2021-04-05 00:00:00.000,부산광역시,36,36,36,0,0
2021-04-05 00:00:00.000,전라남도,34,34,34,0,0
2021-04-05 00:00:00.000,전라북도,33,32,33,0,0
2021-04-05 00:00:00.000,대구광역시,30,30,30,0,0
2021-04-05 00:00:00.000,울산광역시,20,20,20,0,0
2021-04-05 00:00:00.000,제주특별자치도,20,20,20,0,0
2021-04-05 00:00:00.000,광주광역시,19,19,19,0,0
2021-04-05 00:00:00.000,세종특별자치시,15,15,15,0,0
2021-04-05 00:00:00.000,서울,13,13,13,0,0
2021-04-05 00:00:00.000,경기,7,7,7,0,0
2021-04-05 00:00:00.000,경북,3,3,3,0,0
2021-04-05 00:00:00.000,인천,2,2,2,0,0
2021-04-05 00:00:00.000,부산,1,1,1,0,0
2021-04-05 00:00:00.000,전북,1,1,1,0,0
2021-04-05 00:00:00.000,강원,1,1,1,0,0
2021-04-12 00:00:00.000,서울특별시,920,914,920,0,0
2021-04-12 00:00:00.000,경기도,389,389,389,0,0
2021-04-12 00:00:00.000,인천광역시,74,74,74,0,0
2021-04-12 00:00:00.000,충청남도,59,59,59,0,0
2021-04-12 00:00:00.000,경상남도,58,57,58,0,0
2021-04-12 00:00:00.000,경상북도,54,54,54,0,0
2021-04-12 00:00:00.000,충청북도,46,46,46,0,0
2021-04-12 00:00:00.000,부산광역시,45,44,45,0,0
2021-04-12 00:00:00.000,강원도,39,39,39,0,0
2021-04-12 00:00:00.000,전라북도,37,37,37,0,0
2021-04-12 00:00:00.000,제주특별자치도,34,34,34,0,0
2021-04-12 00:00:00.000,대구광역시,31,31,31,0,0
2021-04-12 00:00:00.000,대전광역시,31,30,31,0,0
2021-04-12 00:00:00.000,전라남도,30,30,30,0,0
2021-04-12 00:00:00.000,울산광역시,18,18,18,0,0
2021-04-12 00:00:00.000,광주광역시,17,17,17,0,0
2021-04-12 00:00:00.000,서울,17,17,17,0,0
2021-04-12 00:00:00.000,경기,4,4,4,0,0
2021-04-12 00:00:00.000,세종특별자치시,4,4,4,0,0
2021-04-12 00:00:00.000,경북,2,2,2,0,0
2021-04-12 00:00:00.000,인천광역,2,2,2,0,0
2021-04-12 00:00:00.000,전북,2,2,2,0,0
2021-04-12 00:00:00.000,부산,1,1,1,0,0
2021-04-12 00:00:00.000,★★★★★★★★,1,1,1,0,0
2021-04-12 00:00:00.000,강원,1,1,1,0,0
2021-04-12 00:00:00.000,경남,1,1,1,0,0
2021-04-12 00:00:00.000,울산,1,1,1,0,0
2021-04-12 00:00:00.000,충북,1,1,1,0,0
2021-04-19 00:00:00.000,서울특별시,880,877,880,0,0
2021-04-19 00:00:00.000,경기도,388,387,388,0,0
2021-04-19 00:00:00.000,인천광역시,79,79,79,0,0
2021-04-19 00:00:00.000,경상북도,61,61,61,0,0
2021-04-19 00:00:00.000,충청남도,51,51,51,0,0
2021-04-19 00:00:00.000,강원도,49,49,49,0,0
2021-04-19 00:00:00.000,경상남도,48,48,48,0,0
2021-04-19 00:00:00.000,부산광역시,47,47,47,0,0
2021-04-19 00:00:00.000,전라북도,46,46,46,0,0
2021-04-19 00:00:00.000,전라남도,39,39,39,0,0
2021-04-19 00:00:00.000,충청북도,31,31,31,0,0
2021-04-19 00:00:00.000,대구광역시,28,28,28,0,0
2021-04-19 00:00:00.000,대전광역시,28,28,28,0,0
2021-04-19 00:00:00.000,울산광역시,22,22,22,0,0
2021-04-19 00:00:00.000,광주광역시,18,18,18,0,0
2021-04-19 00:00:00.000,세종특별자치시,17,17,17,0,0
2021-04-19 00:00:00.000,제주특별자치도,14,14,14,0,0
2021-04-19 00:00:00.000,서울,12,12,12,0,0
2021-04-19 00:00:00.000,경기,7,7,7,0,0
2021-04-19 00:00:00.000,전북,2,2,2,0,0
2021-04-19 00:00:00.000,★★★★★★★★,2,2,2,0,0
2021-04-19 00:00:00.000,,1,1,1,0,0
2021-04-19 00:00:00.000,부산,1,1,1,0,0
2021-04-19 00:00:00.000,경남,1,1,1,0,0
2021-04-19 00:00:00.000,인천광역,1,1,1,0,0
2021-04-19 00:00:00.000,기,1,1,1,0,0
2021-04-26 00:00:00.000,서울특별시,864,862,864,0,0
2021-04-26 00:00:00.000,경기도,417,416,417,0,0
2021-04-26 00:00:00.000,인천광역시,80,80,80,0,0
2021-04-26 00:00:00.000,경상북도,62,62,62,0,0
2021-04-26 00:00:00.000,강원도,58,58,58,0,0
2021-04-26 00:00:00.000,경상남도,55,55,55,0,0
2021-04-26 00:00:00.000,부산광역시,45,45,45,0,0
2021-04-26 00:00:00.000,충청북도,42,42,42,0,0
2021-04-26 00:00:00.000,충청남도,41,41,41,0,0
2021-04-26 00:00:00.000,전라북도,35,34,35,0,0
2021-04-26 00:00:00.000,전라남도,31,30,31,0,0
2021-04-26 00:00:00.000,대전광역시,27,27,27,0,0
2021-04-26 00:00:00.000,대구광역시,26,26,26,0,0
2021-04-26 00:00:00.000,광주광역시,22,22,22,0,0
2021-04-26 00:00:00.000,제주특별자치도,18,18,18,0,0
2021-04-26 00:00:00.000,울산광역시,14,14,14,0,0
2021-04-26 00:00:00.000,세종특별자치시,11,10,11,0,0
2021-04-26 00:00:00.000,서울,8,8,8,0,0
2021-04-26 00:00:00.000,경기,5,5,5,0,0
2021-04-26 00:00:00.000,울산,2,2,2,0,0
2021-04-26 00:00:00.000,인천광역,2,2,2,0,0
2021-04-26 00:00:00.000,광주광역,1,1,1,0,0
2021-04-26 00:00:00.000,강원,1,1,1,0,0
2021-04-26 00:00:00.000,충남,1,1,1,0,0
2021-04-26 00:00:00.000,경북,1,1,1,0,0
2021-04-26 00:00:00.000,기,1,1,1,0,0
2021-04-26 00:00:00.000,경남,1,1,1,0,0
2021-04-26 00:00:00.000,★★★★★★★★,1,1,1,0,0
2021-04-26 00:00:00.000,인천,1,1,1,0,0
2021-05-03 00:00:00.000,서울특별시,759,757,759,0,0
2021-05-03 00:00:00.000,경기도,383,380,383,0,0
2021-05-03 00:00:00.000,인천광역시,71,71,71,0,0
2021-05-03 00:00:00.000,경상북도,61,61,61,0,0
2021-05-03 00:00:00.000,충청남도,46,46,46,0,0
2021-05-03 00:00:00.000,부산광역시,40,40,40,0,0
2021-05-03 00:00:00.000,강원도,40,40,40,0,0
2021-05-03 00:00:00.000,전라북도,38,38,38,0,0
2021-05-03 00:00:00.000,대구광역시,37,37,37,0,0
2021-05-03 00:00:00.000,경상남도,36,36,36,0,0
2021-05-03 00:00:00.000,충청북도,34,34,34,0,0
2021-05-03 00:00:00.000,전라남도,30,30,30,0,0
2021-05-03 00:00:00.000,대전광역시,21,21,21,0,0
2021-05-03 00:00:00.000,광주광역시,20,20,20,0,0
2021-05-03 00:00:00.000,제주특별자치도,18,17,18,0,0
2021-05-03 00:00:00.000,울산광역시,15,15,15,0,0
2021-05-03 00:00:00.000,서울,11,11,11,0,0
2021-05-03 00:00:00.000,세종특별자치시,9,9,9,0,0
2021-05-03 00:00:00.000,인천,2,2,2,0,0
2021-05-03 00:00:00.000,광주,1,1,1,0,0
2021-05-03 00:00:00.000,충남,1,1,1,0,0
2021-05-03 00:00:00.000,대전광역,1,1,1,0,0
2021-05-03 00:00:00.000,대구광역,1,1,1,0,0
2021-05-03 00:00:00.000,울산,1,1,1,0,0
2021-05-03 00:00:00.000,충북,1,1,1,0,0
2021-05-03 00:00:00.000,경기,1,1,1,0,0
2021-05-03 00:00:00.000,인천광역,1,1,1,0,0
2021-05-03 00:00:00.000,부산,1,1,1,0,0
2021-05-03 00:00:00.000,,1,1,1,0,0
2021-05-10 00:00:00.000,서울특별시,917,914,917,0,0
2021-05-10 00:00:00.000,경기도,408,408,408,0,0
2021-05-10 00:00:00.000,인천광역시,80,80,80,0,0
2021-05-10 00:00:00.000,경상남도,63,63,63,0,0
2021-05-10 00:00:00.000,경상북도,52,51,52,0,0
2021-05-10 00:00:00.000,강원도,49,49,49,0,0
2021-05-10 00:00:00.000,부산광역시,44,44,44,0,0
2021-05-10 00:00:00.000,전라북도,43,42,43,0,0
2021-05-10 00:00:00.000,충청남도,38,38,38,0,0
2021-05-10 00:00:00.000,충청북도,38,38,38,0,0
2021-05-10 00:00:00.000,대전광역시,33,33,33,0,0
2021-05-10 00:00:00.000,전라남도,32,32,32,0,0
2021-05-10 00:00:00.000,광주광역시,28,28,28,0,0
2021-05-10 00:00:00.000,제주특별자치도,24,24,24,0,0
2021-05-10 00:00:00.000,울산광역시,20,20,20,0,0
2021-05-10 00:00:00.000,대구광역시,20,20,20,0,0
2021-05-10 00:00:00.000,서울,12,12,12,0,0
2021-05-10 00:00:00.000,세종특별자치시,7,7,7,0,0
2021-05-10 00:00:00.000,경기,7,7,7,0,0
2021-05-10 00:00:00.000,제주도,3,3,3,0,0
2021-05-10 00:00:00.000,전북,2,2,2,0,0
2021-05-10 00:00:00.000,산,1,1,1,0,0
2021-05-10 00:00:00.000,경남,1,1,1,0,0
2021-05-10 00:00:00.000,기,1,1,1,0,0
2021-05-10 00:00:00.000,서울시,1,1,1,0,0
2021-05-10 00:00:00.000,,1,1,1,0,0
2021-05-17 00:00:00.000,서울특별시,790,787,790,0,0
2021-05-17 00:00:00.000,경기도,336,335,336,0,0
2021-05-17 00:00:00.000,인천광역시,67,67,67,0,0
2021-05-17 00:00:00.000,경상북도,49,49,49,0,0
2021-05-17 00:00:00.000,충청남도,47,47,47,0,0
2021-05-17 00:00:00.000,전라북도,45,45,45,0,0
2021-05-17 00:00:00.000,부산광역시,43,42,43,0,0
2021-05-17 00:00:00.000,경상남도,42,41,42,0,0
2021-05-17 00:00:00.000,강원도,39,39,39,0,0
2021-05-17 00:00:00.000,대전광역시,35,34,35,0,0
2021-05-17 00:00:00.000,충청북도,30,30,30,0,0
2021-05-17 00:00:00.000,전라남도,30,30,30,0,0
2021-05-17 00:00:00.000,광주광역시,23,23,23,0,0
2021-05-17 00:00:00.000,대구광역시,22,22,22,0,0
2021-05-17 00:00:00.000,제주특별자치도,17,17,17,0,0
2021-05-17 00:00:00.000,울산광역시,14,14,14,0,0
2021-05-17 00:00:00.000,서울,14,14,14,0,0
2021-05-17 00:00:00.000,세종특별자치시,10,10,10,0,0
2021-05-17 00:00:00.000,경기,4,4,4,0,0
2021-05-17 00:00:00.000,인천,3,3,3,0,0
2021-05-17 00:00:00.000,경북,1,1,1,0,0
2021-05-17 00:00:00.000,전북,1,1,1,0,0
2021-05-17 00:00:00.000,광주광역,1,1,1,0,0
2021-05-17 00:00:00.000,광주,1,1,1,0,0
2021-05-17 00:00:00.000,인천광역,1,1,1,0,0
2021-05-24 00:00:00.000,서울특별시,885,881,885,0,0
2021-05-24 00:00:00.000,경기도,373,373,373,0,0
2021-05-24 00:00:00.000,인천광역시,80,80,80,0,0
2021-05-24 00:00:00.000,충청북도,50,50,50,0,0
2021-05-24 00:00:00.000,강원도,49,49,49,0,0
2021-05-24 00:00:00.000,부산광역시,46,46,46,0,0
2021-05-24 00:00:00.000,경상북도,44,44,44,0,0
2021-05-24 00:00:00.000,전라남도,44,44,44,0,0
2021-05-24 00:00:00.000,대전광역시,37,37,37,0,0
2021-05-24 00:00:00.000,충청남도,37,37,37,0,0
2021-05-24 00:00:00.000,전라북도,32,32,32,0,0
2021-05-24 00:00:00.000,대구광역시,31,31,31,0,0
2021-05-24 00:00:00.000,경상남도,31,31,31,0,0
2021-05-24 00:00:00.000,광주광역시,21,21,21,0,0
2021-05-24 00:00:00.000,울산광역시,20,20,20,0,0
2021-05-24 00:00:00.000,제주특별자치도,19,19,19,0,0
2021-05-24 00:00:00.000,서울,10,10,10,0,0
2021-05-24 00:00:00.000,세종특별자치시,10,10,10,0,0
2021-05-24 00:00:00.000,경기,3,3,3,0,0
2021-05-24 00:00:00.000,경남,2,2,2,0,0
2021-05-24 00:00:00.000,,2,2,2,0,0
2021-05-24 00:00:00.000,울,1,1,1,0,0
2021-05-24 00:00:00.000,전북,1,1,1,0,0
2021-05-24 00:00:00.000,강원,1,1,1,0,0
2021-05-24 00:00:00.000,제주도,1,1,1,0,0
2021-05-24 00:00:00.000,인천,1,1,1,0,0
2021-05-24 00:00:00.000,대전,1,1,1,0,0
2021-05-24 00:00:00.000,대구,1,1,1,0,0
2021-05-24 00:00:00.000,부산,1,1,1,0,0
2021-05-31 00:00:00.000,서울특별시,889,886,889,0,0
2021-05-31 00:00:00.000,경기도,355,352,355,0,0
2021-05-31 00:00:00.000,인천광역시,75,75,75,0,0
2021-05-31 00:00:00.000,경상북도,57,57,57,0,0
2021-05-31 00:00:00.000,충청남도,57,57,57,0,0
2021-05-31 00:00:00.000,강원도,54,54,54,0,0
2021-05-31 00:00:00.000,경상남도,51,51,51,0,0
2021-05-31 00:00:00.000,부산광역시,46,45,46,0,0
2021-05-31 00:00:00.000,충청북도,42,42,42,0,0
2021-05-31 00:00:00.000,대구광역시,37,37,37,0,0
2021-05-31 00:00:00.000,전라북도,33,33,33,0,0
2021-05-31 00:00:00.000,대전광역시,30,30,30,0,0
2021-05-31 00:00:00.000,전라남도,28,28,28,0,0
2021-05-31 00:00:00.000,광주광역시,24,24,24,0,0
2021-05-31 00:00:00.000,제주특별자치도,19,19,19,0,0
2021-05-31 00:00:00.000,울산광역시,18,18,18,0,0
2021-05-31 00:00:00.000,서울,15,14,15,0,0
2021-05-31 00:00:00.000,경기,11,11,11,0,0
2021-05-31 00:00:00.000,세종특별자치시,8,8,8,0,0
2021-05-31 00:00:00.000,울산,2,2,2,0,0
2021-05-31 00:00:00.000,전북,1,1,1,0,0
2021-05-31 00:00:00.000,광주광역,1,1,1,0,0
2021-05-31 00:00:00.000,제주도,1,1,1,0,0
2021-05-31 00:00:00.000,경남,1,1,1,0,0
2021-05-31 00:00:00.000,부산,1,1,1,0,0
2021-06-07 00:00:00.000,서울특별시,866,861,866,0,0
2021-06-07 00:00:00.000,경기도,388,388,388,0,0
2021-06-07 00:00:00.000,인천광역시,65,65,65,0,0
2021-06-07 00:00:00.000,경상북도,58,58,58,0,0
2021-06-07 00:00:00.000,충청남도,53,53,53,0,0
2021-06-07 00:00:00.000,경상남도,49,49,49,0,0
2021-06-07 00:00:00.000,부산광역시,49,49,49,0,0
2021-06-07 00:00:00.000,강원도,48,48,48,0,0
2021-06-07 00:00:00.000,충청북도,41,41,41,0,0
2021-06-07 00:00:00.000,전라북도,40,40,40,0,0
2021-06-07 00:00:00.000,대전광역시,40,40,40,0,0
2021-06-07 00:00:00.000,전라남도,37,37,37,0,0
2021-06-07 00:00:00.000,대구광역시,31,31,31,0,0
2021-06-07 00:00:00.000,제주특별자치도,30,29,30,0,0
2021-06-07 00:00:00.000,광주광역시,22,22,22,0,0
2021-06-07 00:00:00.000,울산광역시,19,19,19,0,0
2021-06-07 00:00:00.000,세종특별자치시,8,8,8,0,0
2021-06-07 00:00:00.000,서울,6,6,6,0,0
2021-06-07 00:00:00.000,경기,3,3,3,0,0
2021-06-07 00:00:00.000,경북,3,3,3,0,0
2021-06-07 00:00:00.000,인천,2,2,2,0,0
2021-06-07 00:00:00.000,제주도,1,1,1,0,0
2021-06-07 00:00:00.000,경남,1,1,1,0,0
2021-06-07 00:00:00.000,전북,1,1,1,0,0
2021-06-07 00:00:00.000,광주광역,1,1,1,0,0
2021-06-07 00:00:00.000,충북,1,1,1,0,0
2021-06-14 00:00:00.000,서울특별시,920,919,920,0,0
2021-06-14 00:00:00.000,경기도,451,450,451,0,0
2021-06-14 00:00:00.000,인천광역시,66,66,66,0,0
2021-06-14 00:00:00.000,경상북도,54,54,54,0,0
2021-06-14 00:00:00.000,충청남도,54,53,54,0,0
2021-06-14 00:00:00.000,강원도,48,48,48,0,0
2021-06-14 00:00:00.000,전라북도,45,45,45,0,0
2021-06-14 00:00:00.000,경상남도,45,45,45,0,0
2021-06-14 00:00:00.000,전라남도,41,41,41,0,0
2021-06-14 00:00:00.000,부산광역시,38,38,38,0,0
2021-06-14 00:00:00.000,충청북도,37,37,37,0,0
2021-06-14 00:00:00.000,대구광역시,30,30,30,0,0
2021-06-14 00:00:00.000,대전광역시,29,29,29,0,0
2021-06-14 00:00:00.000,제주특별자치도,24,24,24,0,0
2021-06-14 00:00:00.000,서울,18,18,18,0,0
2021-06-14 00:00:00.000,광주광역시,18,18,18,0,0
2021-06-14 00:00:00.000,울산광역시,17,17,17,0,0
2021-06-14 00:00:00.000,경기,5,5,5,0,0
2021-06-14 00:00:00.000,세종특별자치시,4,4,4,0,0
2021-06-14 00:00:00.000,인천광역,2,2,2,0,0
2021-06-14 00:00:00.000,인천,1,1,1,0,0
2021-06-14 00:00:00.000,기,1,1,1,0,0
2021-06-14 00:00:00.000,충남,1,1,1,0,0
2021-06-14 00:00:00.000,대구,1,1,1,0,0
2021-06-14 00:00:00.000,대구광역,1,1,1,0,0
2021-06-14 00:00:00.000,제주,1,1,1,0,0
2021-06-14 00:00:00.000,충북,1,1,1,0,0
2021-06-21 00:00:00.000,서울특별시,878,874,878,0,0
2021-06-21 00:00:00.000,경기도,403,403,403,0,0
2021-06-21 00:00:00.000,인천광역시,76,75,76,0,0
2021-06-21 00:00:00.000,경상북도,66,66,66,0,0
2021-06-21 00:00:00.000,충청남도,57,57,57,0,0
2021-06-21 00:00:00.000,부산광역시,49,49,49,0,0
2021-06-21 00:00:00.000,경상남도,48,48,48,0,0
2021-06-21 00:00:00.000,강원도,46,46,46,0,0
2021-06-21 00:00:00.000,충청북도,40,40,40,0,0
2021-06-21 00:00:00.000,전라북도,38,38,38,0,0
2021-06-21 00:00:00.000,대전광역시,33,33,33,0,0
2021-06-21 00:00:00.000,전라남도,29,29,29,0,0
2021-06-21 00:00:00.000,광주광역시,25,25,25,0,0
2021-06-21 00:00:00.000,제주특별자치도,25,25,25,0,0
2021-06-21 00:00:00.000,대구광역시,22,22,22,0,0
2021-06-21 00:00:00.000,세종특별자치시,15,15,15,0,0
2021-06-21 00:00:00.000,울산광역시,13,13,13,0,0
2021-06-21 00:00:00.000,서울,13,13,13,0,0
2021-06-21 00:00:00.000,경기,3,3,3,0,0
2021-06-21 00:00:00.000,충남,1,1,1,0,0
2021-06-21 00:00:00.000,제주,1,1,1,0,0
2021-06-21 00:00:00.000,제주도,1,1,1,0,0
2021-06-21 00:00:00.000,인천광역,1,1,1,0,0
2021-06-21 00:00:00.000,부산광역,1,1,1,0,0
2021-06-21 00:00:00.000,경북,1,1,1,0,0
2021-06-21 00:00:00.000,,1,1,1,0,0
2021-06-21 00:00:00.000,전북,1,1,1,0,0
2021-06-28 00:00:00.000,서울특별시,874,872,874,0,0
2021-06-28 00:00:00.000,경기도,411,409,411,0,0
2021-06-28 00:00:00.000,인천광역시,77,77,77,0,0
2021-06-28 00:00:00.000,경상북도,53,53,53,0,0
2021-06-28 00:00:00.000,충청남도,49,49,49,0,0
2021-06-28 00:00:00.000,강원도,48,48,48,0,0
2021-06-28 00:00:00.000,경상남도,47,47,47,0,0
2021-06-28 00:00:00.000,부산광역시,41,41,41,0,0
2021-06-28 00:00:00.000,충청북도,39,39,39,0,0
2021-06-28 00:00:00.000,전라남도,38,37,38,0,0
2021-06-28 00:00:00.000,대전광역시,33,33,33,0,0
2021-06-28 00:00:00.000,전라북도,33,33,33,0,0
2021-06-28 00:00:00.000,대구광역시,29,29,29,0,0
2021-06-28 00:00:00.000,광주광역시,26,26,26,0,0
2021-06-28 00:00:00.000,서울,23,23,23,0,0
2021-06-28 00:00:00.000,울산광역시,15,15,15,0,0
2021-06-28 00:00:00.000,제주특별자치도,15,15,15,0,0
2021-06-28 00:00:00.000,세종특별자치시,13,13,13,0,0
2021-06-28 00:00:00.000,경기,5,5,5,0,0
2021-06-28 00:00:00.000,전북,2,2,2,0,0
2021-06-28 00:00:00.000,부산광역,1,1,1,0,0
2021-06-28 00:00:00.000,인천광역,1,1,1,0,0
2021-06-28 00:00:00.000,★★★★★★★★,1,1,1,0,0
2021-06-28 00:00:00.000,인천,1,1,1,0,0
2021-06-28 00:00:00.000,강원,1,1,1,0,0
2021-07-05 00:00:00.000,서울특별시,880,880,880,0,0
2021-07-05 00:00:00.000,경기도,427,427,427,0,0
2021-07-05 00:00:00.000,인천광역시,73,73,73,0,0
2021-07-05 00:00:00.000,경상북도,73,73,73,0,0
2021-07-05 00:00:00.000,충청남도,53,53,53,0,0
2021-07-05 00:00:00.000,경상남도,49,49,49,0,0
2021-07-05 00:00:00.000,전라남도,46,46,46,0,0
2021-07-05 00:00:00.000,강원도,46,46,46,0,0
2021-07-05 00:00:00.000,충청북도,42,42,42,0,0
2021-07-05 00:00:00.000,전라북도,37,37,37,0,0
2021-07-05 00:00:00.000,대구광역시,38,37,38,0,0
2021-07-05 00:00:00.000,대전광역시,30,30,30,0,0
2021-07-05 00:00:00.000,제주특별자치도,26,26,26,0,0
2021-07-05 00:00:00.000,부산광역시,26,26,26,0,0
2021-07-05 00:00:00.000,광주광역시,22,22,22,0,0
2021-07-05 00:00:00.000,서울,15,15,15,0,0
2021-07-05 00:00:00.000,울산광역시,13,13,13,0,0
2021-07-05 00:00:00.000,세종특별자치시,11,11,11,0,0
2021-07-05 00:00:00.000,경기,3,3,3,0,0
2021-07-05 00:00:00.000,전남,2,2,2,0,0
2021-07-05 00:00:00.000,울산,1,1,1,0,0
2021-07-05 00:00:00.000,광주,1,1,1,0,0
2021-07-05 00:00:00.000,대구광역,1,1,1,0,0
2021-07-05 00:00:00.000,인천,1,1,1,0,0
2021-07-05 00:00:00.000,충북,1,1,1,0,0
2021-07-05 00:00:00.000,광주광역,1,1,1,0,0
2021-07-05 00:00:00.000,경북,1,1,1,0,0
2021-07-12 00:00:00.000,서울특별시,856,855,856,0,0
2021-07-12 00:00:00.000,경기도,414,412,414,0,0
2021-07-12 00:00:00.000,인천광역시,78,77,78,0,0
2021-07-12 00:00:00.000,경상북도,64,64,64,0,0
2021-07-12 00:00:00.000,충청남도,51,51,51,0,0
2021-07-12 00:00:00.000,경상남도,51,51,51,0,0
2021-07-12 00:00:00.000,전라남도,50,50,50,0,0
2021-07-12 00:00:00.000,강원도,49,49,49,0,0
2021-07-12 00:00:00.000,부산광역시,46,44,46,0,0
2021-07-12 00:00:00.000,충청북도,43,43,43,0,0
2021-07-12 00:00:00.000,전라북도,39,39,39,0,0
2021-07-12 00:00:00.000,대전광역시,35,35,35,0,0
2021-07-12 00:00:00.000,대구광역시,31,31,31,0,0
2021-07-12 00:00:00.000,광주광역시,30,30,30,0,0
2021-07-12 00:00:00.000,제주특별자치도,25,25,25,0,0
2021-07-12 00:00:00.000,울산광역시,16,16,16,0,0
2021-07-12 00:00:00.000,서울,15,15,15,0,0
2021-07-12 00:00:00.000,세종특별자치시,15,15,15,0,0
2021-07-12 00:00:00.000,경기,7,7,7,0,0
2021-07-12 00:00:00.000,대전,2,2,2,0,0
2021-07-12 00:00:00.000,광주광역,2,2,2,0,0
2021-07-12 00:00:00.000,강원,2,2,2,0,0
2021-07-12 00:00:00.000,전남,1,1,1,0,0
2021-07-12 00:00:00.000,전북,1,1,1,0,0
2021-07-12 00:00:00.000,경북,1,1,1,0,0
2021-07-12 00:00:00.000,광주,1,1,1,0,0
2021-07-12 00:00:00.000,충남,1,1,1,0,0
2021-07-12 00:00:00.000,제주도,1,1,1,0,0
2021-07-19 00:00:00.000,서울특별시,902,898,902,0,0
2021-07-19 00:00:00.000,경기도,402,401,402,0,0
2021-07-19 00:00:00.000,인천광역시,73,73,73,0,0
2021-07-19 00:00:00.000,경상북도,64,64,64,0,0
2021-07-19 00:00:00.000,경상남도,56,56,56,0,0
2021-07-19 00:00:00.000,충청북도,47,47,47,0,0
2021-07-19 00:00:00.000,충청남도,45,45,45,0,0
2021-07-19 00:00:00.000,전라북도,44,44,44,0,0
2021-07-19 00:00:00.000,강원도,44,44,44,0,0
2021-07-19 00:00:00.000,부산광역시,42,41,42,0,0
2021-07-19 00:00:00.000,대전광역시,39,39,39,0,0
2021-07-19 00:00:00.000,전라남도,36,36,36,0,0
2021-07-19 00:00:00.000,광주광역시,35,35,35,0,0
2021-07-19 00:00:00.000,대구광역시,26,26,26,0,0
2021-07-19 00:00:00.000,제주특별자치도,15,15,15,0,0
2021-07-19 00:00:00.000,세종특별자치시,15,15,15,0,0
2021-07-19 00:00:00.000,울산광역시,13,13,13,0,0
2021-07-19 00:00:00.000,서울,11,11,11,0,0
2021-07-19 00:00:00.000,경기,3,3,3,0,0
2021-07-19 00:00:00.000,인천,2,2,2,0,0
2021-07-19 00:00:00.000,인천광역,1,1,1,0,0
2021-07-19 00:00:00.000,충남,1,1,1,0,0
2021-07-19 00:00:00.000,부산,1,1,1,0,0
2021-07-19 00:00:00.000,서울강북구,1,1,1,0,0
2021-07-19 00:00:00.000,경남,1,1,1,0,0
2021-07-26 00:00:00.000,서울특별시,841,837,841,0,0
2021-07-26 00:00:00.000,경기도,373,373,373,0,0
2021-07-26 00:00:00.000,인천광역시,74,74,74,0,0
2021-07-26 00:00:00.000,경상남도,57,57,57,0,0
2021-07-26 00:00:00.000,경상북도,56,56,56,0,0
2021-07-26 00:00:00.000,전라남도,51,50,51,0,0
2021-07-26 00:00:00.000,충청남도,50,50,50,0,0
2021-07-26 00:00:00.000,부산광역시,48,48,48,0,0
2021-07-26 00:00:00.000,전라북도,38,38,38,0,0
2021-07-26 00:00:00.000,대전광역시,35,35,35,0,0
2021-07-26 00:00:00.000,강원도,35,35,35,0,0
2021-07-26 00:00:00.000,충청북도,33,33,33,0,0
2021-07-26 00:00:00.000,제주특별자치도,28,28,28,0,0
2021-07-26 00:00:00.000,광주광역시,24,24,24,0,0
2021-07-26 00:00:00.000,대구광역시,23,23,23,0,0
2021-07-26 00:00:00.000,세종특별자치시,16,16,16,0,0
2021-07-26 00:00:00.000,서울,12,11,12,0,0
2021-07-26 00:00:00.000,울산광역시,8,8,8,0,0
2021-07-26 00:00:00.000,경기,5,5,5,0,0
2021-07-26 00:00:00.000,전북,2,2,2,0,0
2021-07-26 00:00:00.000,부산광역,2,2,2,0,0
2021-07-26 00:00:00.000,★★★★★★★★,2,2,2,0,0
2021-07-26 00:00:00.000,,2,2,2,0,0
2021-07-26 00:00:00.000,대전광역,1,1,1,0,0
2021-07-26 00:00:00.000,경북,1,1,1,0,0
2021-07-26 00:00:00.000,인천,1,1,1,0,0
2021-08-02 00:00:00.000,서울특별시,860,857,860,0,0
2021-08-02 00:00:00.000,경기도,409,408,409,0,0
2021-08-02 00:00:00.000,충청남도,68,68,68,0,0
2021-08-02 00:00:00.000,강원도,62,62,62,0,0
2021-08-02 00:00:00.000,인천광역시,61,61,61,0,0
2021-08-02 00:00:00.000,경상남도,58,58,58,0,0
2021-08-02 00:00:00.000,경상북도,56,56,56,0,0
2021-08-02 00:00:00.000,대전광역시,45,45,45,0,0
2021-08-02 00:00:00.000,전라남도,42,42,42,0,0
2021-08-02 00:00:00.000,충청북도,39,39,39,0,0
2021-08-02 00:00:00.000,전라북도,38,38,38,0,0
2021-08-02 00:00:00.000,부산광역시,37,37,37,0,0
2021-08-02 00:00:00.000,대구광역시,34,34,34,0,0
2021-08-02 00:00:00.000,울산광역시,26,26,26,0,0
2021-08-02 00:00:00.000,광주광역시,23,23,23,0,0
2021-08-02 00:00:00.000,제주특별자치도,18,17,18,0,0
2021-08-02 00:00:00.000,서울,12,12,12,0,0
2021-08-02 00:00:00.000,경기,9,9,9,0,0
2021-08-02 00:00:00.000,세종특별자치시,8,8,8,0,0
2021-08-02 00:00:00.000,부산,2,2,2,0,0
2021-08-02 00:00:00.000,광주,1,1,1,0,0
2021-08-02 00:00:00.000,제주,1,1,1,0,0
2021-08-02 00:00:00.000,대전광역,1,1,1,0,0
2021-08-02 00:00:00.000,,1,1,1,0,0
2021-08-02 00:00:00.000,대구,1,1,1,0,0
2021-08-02 00:00:00.000,인천,1,1,1,0,0
2021-08-02 00:00:00.000,경북,1,1,1,0,0
2021-08-02 00:00:00.000,충북,1,1,1,0,0
2021-08-02 00:00:00.000,산,1,1,1,0,0
2021-08-02 00:00:00.000,전남,1,1,1,0,0
2021-08-09 00:00:00.000,서울특별시,830,823,830,0,0
2021-08-09 00:00:00.000,경기도,396,392,396,0,0
2021-08-09 00:00:00.000,인천광역시,87,86,87,0,0
2021-08-09 00:00:00.000,경상북도,69,68,69,0,0
2021-08-09 00:00:00.000,경상남도,59,59,59,0,0
2021-08-09 00:00:00.000,부산광역시,55,55,55,0,0
2021-08-09 00:00:00.000,강원도,52,52,52,0,0
2021-08-09 00:00:00.000,충청북도,50,50,50,0,0
2021-08-09 00:00:00.000,충청남도,50,50,50,0,0
2021-08-09 00:00:00.000,전라북도,41,41,41,0,0
2021-08-09 00:00:00.000,전라남도,38,38,38,0,0
2021-08-09 00:00:00.000,광주광역시,32,32,32,0,0
2021-08-09 00:00:00.000,대전광역시,26,26,26,0,0
2021-08-09 00:00:00.000,제주특별자치도,22,22,22,0,0
2021-08-09 00:00:00.000,서울,20,20,20,0,0
2021-08-09 00:00:00.000,울산광역시,19,19,19,0,0
2021-08-09 00:00:00.000,대구광역시,18,18,18,0,0
2021-08-09 00:00:00.000,세종특별자치시,15,15,15,0,0
2021-08-09 00:00:00.000,경기,7,7,7,0,0
2021-08-09 00:00:00.000,경남,3,3,3,0,0
2021-08-09 00:00:00.000,인천광역,2,2,2,0,0
2021-08-09 00:00:00.000,대구광역,2,2,2,0,0
2021-08-09 00:00:00.000,강원,1,1,1,0,0
2021-08-09 00:00:00.000,★★★★★★★★,1,1,1,0,0
2021-08-09 00:00:00.000,인천,1,1,1,0,0
2021-08-09 00:00:00.000,제주도,1,1,1,0,0
2021-08-09 00:00:00.000,,1,1,1,0,0
2021-08-16 00:00:00.000,서울특별시,897,894,897,0,0
2021-08-16 00:00:00.000,경기도,396,396,396,0,0
2021-08-16 00:00:00.000,인천광역시,73,73,73,0,0
2021-08-16 00:00:00.000,경상북도,66,66,66,0,0
2021-08-16 00:00:00.000,충청남도,53,53,53,0,0
2021-08-16 00:00:00.000,부산광역시,49,49,49,0,0
2021-08-16 00:00:00.000,경상남도,47,47,47,0,0
2021-08-16 00:00:00.000,강원도,46,46,46,0,0
2021-08-16 00:00:00.000,전라북도,46,46,46,0,0
2021-08-16 00:00:00.000,전라남도,44,44,44,0,0
2021-08-16 00:00:00.000,대전광역시,38,38,38,0,0
2021-08-16 00:00:00.000,광주광역시,33,33,33,0,0
2021-08-16 00:00:00.000,충청북도,32,32,32,0,0
2021-08-16 00:00:00.000,대구광역시,24,24,24,0,0
2021-08-16 00:00:00.000,서울,19,19,19,0,0
2021-08-16 00:00:00.000,제주특별자치도,19,19,19,0,0
2021-08-16 00:00:00.000,울산광역시,16,16,16,0,0
2021-08-16 00:00:00.000,세종특별자치시,8,8,8,0,0
2021-08-16 00:00:00.000,경기,5,5,5,0,0
2021-08-16 00:00:00.000,인천광역,3,3,3,0,0
2021-08-16 00:00:00.000,광주,2,2,2,0,0
2021-08-16 00:00:00.000,광주광역,1,1,1,0,0
2021-08-16 00:00:00.000,제주,1,1,1,0,0
2021-08-16 00:00:00.000,대전,1,1,1,0,0
2021-08-16 00:00:00.000,전북,1,1,1,0,0
2021-08-16 00:00:00.000,충북,1,1,1,0,0
2021-08-23 00:00:00.000,서울특별시,906,904,906,0,0
2021-08-23 00:00:00.000,경기도,391,389,391,0,0
2021-08-23 00:00:00.000,인천광역시,77,76,77,0,0
2021-08-23 00:00:00.000,경상북도,61,61,61,0,0
2021-08-23 00:00:00.000,경상남도,59,59,59,0,0
2021-08-23 00:00:00.000,강원도,50,50,50,0,0
2021-08-23 00:00:00.000,부산광역시,44,44,44,0,0
2021-08-23 00:00:00.000,충청남도,41,41,41,0,0
2021-08-23 00:00:00.000,전라북도,38,38,38,0,0
2021-08-23 00:00:00.000,전라남도,37,37,37,0,0
2021-08-23 00:00:00.000,충청북도,34,34,34,0,0
2021-08-23 00:00:00.000,대구광역시,32,32,32,0,0
2021-08-23 00:00:00.000,대전광역시,29,29,29,0,0
2021-08-23 00:00:00.000,서울,19,19,19,0,0
2021-08-23 00:00:00.000,광주광역시,18,18,18,0,0
2021-08-23 00:00:00.000,제주특별자치도,17,17,17,0,0
2021-08-23 00:00:00.000,울산광역시,12,12,12,0,0
2021-08-23 00:00:00.000,세종특별자치시,10,10,10,0,0
2021-08-23 00:00:00.000,경기,6,6,6,0,0
2021-08-23 00:00:00.000,인천광역,2,2,2,0,0
2021-08-23 00:00:00.000,부산,2,2,2,0,0
2021-08-23 00:00:00.000,대전,1,1,1,0,0
2021-08-23 00:00:00.000,경남,1,1,1,0,0
2021-08-23 00:00:00.000,제주도,1,1,1,0,0
2021-08-23 00:00:00.000,부산광역,1,1,1,0,0
2021-08-23 00:00:00.000,인천,1,1,1,0,0
2021-08-23 00:00:00.000,대구,1,1,1,0,0
2021-08-23 00:00:00.000,서울강북구,1,1,1,0,0
2021-08-30 00:00:00.000,서울특별시,911,911,911,0,0
2021-08-30 00:00:00.000,경기도,405,404,405,0,0
2021-08-30 00:00:00.000,인천광역시,88,88,88,0,0
2021-08-30 00:00:00.000,경상북도,66,66,66,0,0
2021-08-30 00:00:00.000,충청남도,62,62,62,0,0
2021-08-30 00:00:00.000,대전광역시,54,54,54,0,0
2021-08-30 00:00:00.000,전라남도,48,48,48,0,0
2021-08-30 00:00:00.000,경상남도,44,44,44,0,0
2021-08-30 00:00:00.000,강원도,43,42,43,0,0
2021-08-30 00:00:00.000,충청북도,41,41,41,0,0
2021-08-30 00:00:00.000,부산광역시,38,38,38,0,0
2021-08-30 00:00:00.000,전라북도,36,36,36,0,0
2021-08-30 00:00:00.000,울산광역시,25,25,25,0,0
2021-08-30 00:00:00.000,제주특별자치도,19,19,19,0,0
2021-08-30 00:00:00.000,서울,16,16,16,0,0
2021-08-30 00:00:00.000,대구광역시,16,16,16,0,0
2021-08-30 00:00:00.000,광주광역시,15,15,15,0,0
2021-08-30 00:00:00.000,세종특별자치시,12,12,12,0,0
2021-08-30 00:00:00.000,경기,8,8,8,0,0
2021-08-30 00:00:00.000,전북,3,3,3,0,0
2021-08-30 00:00:00.000,충남,3,3,3,0,0
2021-08-30 00:00:00.000,대구광역,1,1,1,0,0
2021-08-30 00:00:00.000,전남,1,1,1,0,0
2021-08-30 00:00:00.000,서울시,1,1,1,0,0
2021-08-30 00:00:00.000,부산광역,1,1,1,0,0
2021-08-30 00:00:00.000,광주광역,1,1,1,0,0
2021-08-30 00:00:00.000,인천,1,1,1,0,0
2021-08-30 00:00:00.000,울,1,1,1,0,0
2021-08-30 00:00:00.000,경북,1,1,1,0,0
2021-09-06 00:00:00.000,서울특별시,907,900,907,0,0
2021-09-06 00:00:00.000,경기도,393,393,393,0,0
2021-09-06 00:00:00.000,인천광역시,85,85,85,0,0
2021-09-06 00:00:00.000,경상북도,73,73,73,0,0
2021-09-06 00:00:00.000,경상남도,56,56,56,0,0
2021-09-06 00:00:00.000,충청남도,55,55,55,0,0
2021-09-06 00:00:00.000,부산광역시,45,45,45,0,0
2021-09-06 00:00:00.000,전라북도,43,43,43,0,0
2021-09-06 00:00:00.000,강원도,42,42,42,0,0
2021-09-06 00:00:00.000,전라남도,41,41,41,0,0
2021-09-06 00:00:00.000,충청북도,36,36,36,0,0
2021-09-06 00:00:00.000,대전광역시,27,27,27,0,0
2021-09-06 00:00:00.000,제주특별자치도,24,24,24,0,0
2021-09-06 00:00:00.000,대구광역시,21,21,21,0,0
2021-09-06 00:00:00.000,울산광역시,18,18,18,0,0
2021-09-06 00:00:00.000,광주광역시,14,13,14,0,0
2021-09-06 00:00:00.000,서울,8,8,8,0,0
2021-09-06 00:00:00.000,세종특별자치시,7,7,7,0,0
2021-09-06 00:00:00.000,경기,3,3,3,0,0
2021-09-06 00:00:00.000,대전광역,2,2,2,0,0
2021-09-06 00:00:00.000,전남,1,1,1,0,0
2021-09-06 00:00:00.000,제주도,1,1,1,0,0
2021-09-06 00:00:00.000,인천,1,1,1,0,0
2021-09-13 00:00:00.000,서울특별시,804,800,804,0,0
2021-09-13 00:00:00.000,경기도,341,339,341,0,0
2021-09-13 00:00:00.000,인천광역시,77,77,77,0,0
2021-09-13 00:00:00.000,충청남도,51,51,51,0,0
2021-09-13 00:00:00.000,경상북도,50,49,50,0,0
2021-09-13 00:00:00.000,강원도,44,44,44,0,0
2021-09-13 00:00:00.000,경상남도,40,40,40,0,0
2021-09-13 00:00:00.000,부산광역시,38,38,38,0,0
2021-09-13 00:00:00.000,충청북도,37,37,37,0,0
2021-09-13 00:00:00.000,전라남도,32,32,32,0,0
2021-09-13 00:00:00.000,전라북도,32,32,32,0,0
2021-09-13 00:00:00.000,대구광역시,26,26,26,0,0
2021-09-13 00:00:00.000,광주광역시,24,24,24,0,0
2021-09-13 00:00:00.000,대전광역시,22,22,22,0,0
2021-09-13 00:00:00.000,서울,12,12,12,0,0
2021-09-13 00:00:00.000,제주특별자치도,11,11,11,0,0
2021-09-13 00:00:00.000,세종특별자치시,7,7,7,0,0
2021-09-13 00:00:00.000,울산광역시,7,7,7,0,0
2021-09-13 00:00:00.000,경기,6,6,6,0,0
2021-09-13 00:00:00.000,대전,1,1,1,0,0
2021-09-13 00:00:00.000,인천광역,1,1,1,0,0
2021-09-13 00:00:00.000,충남,1,1,1,0,0
2021-09-13 00:00:00.000,전남,1,1,1,0,0
2021-09-13 00:00:00.000,북,1,1,1,0,0
2021-09-13 00:00:00.000,인천,1,1,1,0,0
2021-09-13 00:00:00.000,,1,1,1,0,0
2021-09-20 00:00:00.000,서울특별시,723,722,723,0,0
2021-09-20 00:00:00.000,경기도,307,306,307,0,0
2021-09-20 00:00:00.000,경상북도,54,54,54,0,0
2021-09-20 00:00:00.000,인천광역시,51,51,51,0,0
2021-09-20 00:00:00.000,충청남도,43,43,43,0,0
2021-09-20 00:00:00.000,강원도,37,37,37,0,0
2021-09-20 00:00:00.000,부산광역시,34,34,34,0,0
2021-09-20 00:00:00.000,경상남도,31,31,31,0,0
2021-09-20 00:00:00.000,충청북도,29,29,29,0,0
2021-09-20 00:00:00.000,전라북도,27,27,27,0,0
2021-09-20 00:00:00.000,전라남도,27,27,27,0,0
2021-09-20 00:00:00.000,대구광역시,24,24,24,0,0
2021-09-20 00:00:00.000,대전광역시,20,20,20,0,0
2021-09-20 00:00:00.000,광주광역시,16,16,16,0,0
2021-09-20 00:00:00.000,울산광역시,11,11,11,0,0
2021-09-20 00:00:00.000,제주특별자치도,10,10,10,0,0
2021-09-20 00:00:00.000,서울,10,10,10,0,0
2021-09-20 00:00:00.000,세종특별자치시,8,8,8,0,0
2021-09-20 00:00:00.000,경기,4,4,4,0,0
2021-09-20 00:00:00.000,인천광역,1,1,1,0,0
2021-09-20 00:00:00.000,광주,1,1,1,0,0
2021-09-20 00:00:00.000,경남,1,1,1,0,0
2021-09-20 00:00:00.000,대구,1,1,1,0,0
2021-09-27 00:00:00.000,서울특별시,806,802,806,0,0
2021-09-27 00:00:00.000,경기도,325,324,325,0,0
2021-09-27 00:00:00.000,인천광역시,81,80,81,0,0
2021-09-27 00:00:00.000,경상북도,61,61,61,0,0
2021-09-27 00:00:00.000,충청남도,48,48,48,0,0
2021-09-27 00:00:00.000,강원도,45,45,45,0,0
2021-09-27 00:00:00.000,부산광역시,41,41,41,0,0
2021-09-27 00:00:00.000,경상남도,40,40,40,0,0
2021-09-27 00:00:00.000,전라북도,40,40,40,0,0
2021-09-27 00:00:00.000,충청북도,37,37,37,0,0
2021-09-27 00:00:00.000,전라남도,36,36,36,0,0
2021-09-27 00:00:00.000,대전광역시,28,28,28,0,0
2021-09-27 00:00:00.000,제주특별자치도,25,25,25,0,0
2021-09-27 00:00:00.000,광주광역시,26,25,26,0,0
2021-09-27 00:00:00.000,대구광역시,21,21,21,0,0
2021-09-27 00:00:00.000,울산광역시,18,18,18,0,0
2021-09-27 00:00:00.000,서울,12,12,12,0,0
2021-09-27 00:00:00.000,세종특별자치시,8,8,8,0,0
2021-09-27 00:00:00.000,경기,7,7,7,0,0
2021-09-27 00:00:00.000,대전,2,2,2,0,0
2021-09-27 00:00:00.000,제주,1,1,1,0,0
2021-09-27 00:00:00.000,부산,1,1,1,0,0
2021-09-27 00:00:00.000,인천,1,1,1,0,0
2021-09-27 00:00:00.000,원,1,1,1,0,0
2021-09-27 00:00:00.000,경북,1,1,1,0,0
2021-09-27 00:00:00.000,인천광역,1,1,1,0,0
2021-10-04 00:00:00.000,서울특별시,839,836,839,0,0
2021-10-04 00:00:00.000,경기도,389,388,389,0,0
2021-10-04 00:00:00.000,인천광역시,74,73,74,0,0
2021-10-04 00:00:00.000,강원도,57,57,57,0,0
2021-10-04 00:00:00.000,부산광역시,56,56,56,0,0
2021-10-04 00:00:00.000,경상남도,51,51,51,0,0
2021-10-04 00:00:00.000,충청남도,49,49,49,0,0
2021-10-04 00:00:00.000,충청북도,45,45,45,0,0
2021-10-04 00:00:00.000,경상북도,45,44,45,0,0
2021-10-04 00:00:00.000,전라북도,40,40,40,0,0
2021-10-04 00:00:00.000,전라남도,39,39,39,0,0
2021-10-04 00:00:00.000,대구광역시,31,31,31,0,0
2021-10-04 00:00:00.000,광주광역시,29,29,29,0,0
2021-10-04 00:00:00.000,대전광역시,27,27,27,0,0
2021-10-04 00:00:00.000,울산광역시,25,25,25,0,0
2021-10-04 00:00:00.000,서울,23,23,23,0,0
2021-10-04 00:00:00.000,제주특별자치도,15,15,15,0,0
2021-10-04 00:00:00.000,세종특별자치시,10,10,10,0,0
2021-10-04 00:00:00.000,인천,5,5,5,0,0
2021-10-04 00:00:00.000,경기,4,4,4,0,0
2021-10-04 00:00:00.000,부산,1,1,1,0,0
2021-10-04 00:00:00.000,★★★★★★★★,1,1,1,0,0
2021-10-04 00:00:00.000,인천광역,1,1,1,0,0
2021-10-04 00:00:00.000,강원,1,1,1,0,0
2021-10-11 00:00:00.000,서울특별시,768,763,768,0,0
2021-10-11 00:00:00.000,경기도,316,315,316,0,0
2021-10-11 00:00:00.000,충청남도,55,55,55,0,0
2021-10-11 00:00:00.000,경상북도,50,50,50,0,0
2021-10-11 00:00:00.000,인천광역시,48,48,48,0,0
2021-10-11 00:00:00.000,부산광역시,43,43,43,0,0
2021-10-11 00:00:00.000,강원도,38,38,38,0,0
2021-10-11 00:00:00.000,경상남도,38,38,38,0,0
2021-10-11 00:00:00.000,전라남도,36,36,36,0,0
2021-10-11 00:00:00.000,충청북도,29,29,29,0,0
2021-10-11 00:00:00.000,대전광역시,27,27,27,0,0
2021-10-11 00:00:00.000,대구광역시,27,27,27,0,0
2021-10-11 00:00:00.000,전라북도,27,27,27,0,0
2021-10-11 00:00:00.000,울산광역시,24,24,24,0,0
2021-10-11 00:00:00.000,광주광역시,21,21,21,0,0
2021-10-11 00:00:00.000,제주특별자치도,14,14,14,0,0
2021-10-11 00:00:00.000,서울,12,12,12,0,0
2021-10-11 00:00:00.000,세종특별자치시,6,6,6,0,0
2021-10-11 00:00:00.000,경기,4,4,4,0,0
2021-10-11 00:00:00.000,인천,3,3,3,0,0
2021-10-11 00:00:00.000,전남,2,2,2,0,0
2021-10-11 00:00:00.000,충남,2,2,2,0,0
2021-10-11 00:00:00.000,강원,2,2,2,0,0
2021-10-11 00:00:00.000,충북,1,1,1,0,0
2021-10-11 00:00:00.000,산,1,1,1,0,0
2021-10-11 00:00:00.000,울,1,1,1,0,0
2021-10-11 00:00:00.000,전북,1,1,1,0,0
2021-10-18 00:00:00.000,서울특별시,904,899,904,0,0
2021-10-18 00:00:00.000,경기도,417,417,417,0,0
2021-10-18 00:00:00.000,인천광역시,80,80,80,0,0
2021-10-18 00:00:00.000,충청남도,53,53,53,0,0
2021-10-18 00:00:00.000,경상북도,46,46,46,0,0
2021-10-18 00:00:00.000,충청북도,41,40,41,0,0
2021-10-18 00:00:00.000,경상남도,40,40,40,0,0
2021-10-18 00:00:00.000,전라남도,37,37,37,0,0
2021-10-18 00:00:00.000,강원도,35,34,35,0,0
2021-10-18 00:00:00.000,전라북도,31,31,31,0,0
2021-10-18 00:00:00.000,부산광역시,31,31,31,0,0
2021-10-18 00:00:00.000,대전광역시,28,28,28,0,0
2021-10-18 00:00:00.000,대구광역시,26,26,26,0,0
2021-10-18 00:00:00.000,제주특별자치도,23,23,23,0,0
2021-10-18 00:00:00.000,광주광역시,23,23,23,0,0
2021-10-18 00:00:00.000,울산광역시,19,19,19,0,0
2021-10-18 00:00:00.000,서울,18,18,18,0,0
2021-10-18 00:00:00.000,경기,6,6,6,0,0
2021-10-18 00:00:00.000,세종특별자치시,2,2,2,0,0
2021-10-18 00:00:00.000,충남,2,2,2,0,0
2021-10-18 00:00:00.000,제주도,1,1,1,0,0
2021-10-18 00:00:00.000,인천,1,1,1,0,0
2021-10-18 00:00:00.000,경남,1,1,1,0,0
2021-10-18 00:00:00.000,광주,1,1,1,0,0
2021-10-18 00:00:00.000,대구,1,1,1,0,0
2021-10-18 00:00:00.000,충북,1,1,1,0,0
2021-10-18 00:00:00.000,,1,1,1,0,0
2021-10-18 00:00:00.000,인천광역,1,1,1,0,0
2021-10-18 00:00:00.000,대전,1,1,1,0,0
2021-10-25 00:00:00.000,서울특별시,880,875,880,0,0
2021-10-25 00:00:00.000,경기도,376,376,376,0,0
2021-10-25 00:00:00.000,인천광역시,64,64,64,0,0
2021-10-25 00:00:00.000,경상북도,59,59,59,0,0
2021-10-25 00:00:00.000,충청남도,56,56,56,0,0
2021-10-25 00:00:00.000,전라북도,49,49,49,0,0
2021-10-25 00:00:00.000,부산광역시,47,47,47,0,0
2021-10-25 00:00:00.000,전라남도,43,42,43,0,0
2021-10-25 00:00:00.000,경상남도,41,41,41,0,0
2021-10-25 00:00:00.000,충청북도,36,36,36,0,0
2021-10-25 00:00:00.000,강원도,33,33,33,0,0
2021-10-25 00:00:00.000,광주광역시,29,28,29,0,0
2021-10-25 00:00:00.000,대전광역시,26,26,26,0,0
2021-10-25 00:00:00.000,서울,23,23,23,0,0
2021-10-25 00:00:00.000,대구광역시,21,21,21,0,0
2021-10-25 00:00:00.000,울산광역시,16,16,16,0,0
2021-10-25 00:00:00.000,제주특별자치도,14,14,14,0,0
2021-10-25 00:00:00.000,세종특별자치시,6,6,6,0,0
2021-10-25 00:00:00.000,경기,5,5,5,0,0
2021-10-25 00:00:00.000,★★★★★★★★,2,2,2,0,0
2021-10-25 00:00:00.000,부산광역,1,1,1,0,0
2021-10-25 00:00:00.000,충남,1,1,1,0,0
2021-10-25 00:00:00.000,광주,1,1,1,0,0
2021-10-25 00:00:00.000,경남,1,1,1,0,0
